!,8
!!!!!!!!!!!,1
"	3
""",2
"#Trump	2
**The",1
"But	2
CHAOS""",2
"Citing	1
Countless",1
"DO	4
Democracy",2
"Donald	1
ECUMENICAL",9
"Fuertes	1
He",3
"I	6
If",4
"John	7
Just",1
"MADE	1
Make",1
"Mexico	1
Mini-Me""",1
"Putin	6
Rich""",1
SHADOBAN...,1
"Significantly,	1
Sr",2
"Stealth	1
Tell",1
"The	2
Tough",1
"Trade	1
Trump",1
"WHAT	1
We",5
"Why	3
Wir",1
"back	1
boy",1
"bridges	1
he",1
impeachment,1
interview,1
"lead	1
lock",1
"old,",1
"short	1
twenty-two",2
"you're	3
#	3
#1u	1
#2016ABDba<U+015F>kanl<U+0131>kse<U+00E7>imi	1
#2016Election.	1
#2016TrumpTower	1
#2020	1
#22Mar	1
#322	1
#4!	1
#45	1
#<U+00DA>LTIMAHORA	3
#<U+00E9>l<U+00E9>phants	1
#<U+062A><U+0631><U+0627><U+0645><U+0628>	3
#<U+0633><U+0639><U+0648><U+062F>_<U+0627><U+0644>_<U+062B><U+0627><U+0646><U+2026>	1
#<U+0639><U+0627><U+062C><U+0644>	3
#<U+0639><U+0637><U+064A><U+0641>_<U+064A><U+0628><U+064A><U+0639>_<U+0627><U+0644><U+0647><U+0644><U+0627><U+0644>	1
#<U+2026>	35
#<U+30C8><U+30E9><U+30F3><U+30D7><U+5927><U+7D71><U+9818>	1
#<U+4E2D><U+53F0>	1
#<U+4E2D><U+56FD>	1
#<U+53F0><U+6E7E><U+2026>	1
#<U+53F0><U+6E7E><U+65C5><U+884C><U+6CD5>	1
#<U+53F0><U+6E7E><U+6D77><U+5CE1>	1
#<U+7A7A><U+6BCD>	1
#<U+7C73><U+56FD><U+8B70><U+4F1A>	1
#<U+907C><U+5BE7>	1
#<U+96C4><U+98A8><U+4E09><U+578B>	1
#<ed><U+00A0><U+00BD><ed><U+00B2><U+008A>	1
#ABC	5
#ABD	2
#ALL	2
#AMLO<U+2026>	1
#AMLOenMILENIO	1
#AP	3
#ARE	2
#ARME&amp;FOOTEGEDDON	1
#AUS	1
#AidAndComfort	2
#Algeria	1
#Alu<U+2026>	1
#Alzheimers	1
#Amazing!	1
#AmbulanceChasers	1
#America	6
#America:	1
#AmericaFirst	6
#American	2
#Amerika	2
#Apology.	1
#Assad	1
#AssociatedPress	1
#Austin	21
#Austin,	1
#AustinBomber.	3
#AustinBombin<U+2026>	1
#AustinBombing	1
#AustinBombings	3
#AustinBombs	2
#Australia	1
#BBC	5
#BBCBreakingNews	1
#BBCOS	1
#BFT	1
#BFT<U+2026>	1
#BIAFRAREFERENDUM	1
#BIDEN	3
#BLM	1
#BREAKING	16
#BREAKING:	19
#BREAKING:#Mueller	1
#BREAKING:Summons	13
#BREAKING:Think	3
#BREAKING:When	4
#BREAKINGNEWS	1
#BS	1
#BTFTW	1
#Banderazo	1
#Bannon	1
#Beijing	1
#BenCarson	2
#Bernie	1
#BetsyDeVos	1
#BetterCallSaul	1
#Bexit	1
#BeyazSaray	1
#Beyonce<U+2026>	1
#Biden	33
#Biden-#Trump	1
#Biden....<ed><U+00A0><U+00BD><ed><U+00B8><U+0082><ed><U+00A0><U+00BD><ed><U+00B8><U+0082><ed><U+00A0><U+00BD><ed><U+00B8><U+0082><ed><U+00A0><U+00BD><ed><U+00B8><U+0082><ed><U+00A0><U+00BD><ed><U+00B8><U+0082><ed><U+00A0><U+00BD><ed><U+00B8><U+008A><ed><U+00A0><U+00BD><ed><U+00B8><U+008A><ed><U+00A0><U+00BD><ed><U+00B8><U+008A>	1
#Biden2020	1
#Biden:	3
#Biden<U+2019>s	1
#Biden<U+275E>	1
#BigSean<U+2026>	1
#Bill<U+2026>	3
#BlacChyna	1
#BlackTwitter	1
#BlockRINOs	1
#BlueWave2018	10
#BoE	1
#Bolton	1
#BombControlNow	1
#Bomber	19
#Book	1
#Breaking	10
#Breaking:	1
#Breaking:#JohnDowd	1
#BreakingNe<U+2026>	1
#BreakingNews:	1
#Breitbart	1
#Brennan	4
#Brexit	1
#BringIt	2
#Broidy,	5
#Budget	1
#Build<U+2026>	14
#BuildTheWall	2
#Bush	1
#ButHerEmails	1
#ByeFelicia	1
#CAMPAIGNFINANCE	1
#CBS	3
#CEO	1
#CHINA	2
#CHRISTIANITY	4
#CIA	3
#CIC,	1
#CLIMATE	7
#CNBC	1
#CNN	11
#CNNInternational	1
#CNP	1
#CONGRESS	2
#CORRUPTION	1
#CPAC	1
#CPN	1
#CadetBoneSpurs	1
#Cairo	2
#Cambridge<U+2026>	1
#CambridgeAnalytica	11
#CambridgeAnalytica)<U+2026>	2
#CambridgeAnalytica,	1
#CambridgeAnalytica.	1
#CambridgeAnalytica<U+2026>	1
#CambridgeAnalyticaUncovered	1
#CambridgeAnalytics	2
#Canada	1
#CapitalPunishment	1
#Century	1
#Chabahar	1
#ChickenShi<U+2026>	1
#China	16
#China.	1
#China.If	1
#China<U+00A0>	1
#Chinese_products	1
#ChrisBrown	1
#Cina	1
#Cina,	2
#ClintEastwood	1
#Clinton	1
#Collusion	6
#ComeAtMeBro	2
#Comey	4
#Congress	10
#Cons<U+2026>	3
#Conservative<U+2026>	1
#Conspiracy	4
#ConstitutionalCrisis	3
#Corrupt	1
#Corruption	5
#CoverUp	4
#CreepyUncleJoe	1
#Cremlino	1
#Crime	2
#CrownPri<U+2026>	1
#CrownPrinceSalman	1
#CrownprinceinUSA	1
#Cuba	2
#CumbreDeLasAmericas	2
#DACA	3
#DAX	1
#DEJAVU#FakeNewsMedia	1
#DIY	1
#DOJ	2
#DONOTCO<U+2026>	1
#DONOTCONGRATULATE	2
#DREAMERS	1
#DRH	2
#DUP<U+2026>	1
#DailyNews	2
#DapchiGirls,	2
#DavidDennison.	1
#Dazi,	3
#DeMark	1
#DeathPenalty	1
#Decoy	1
#DeepState	2
#DefundPlannedPare<U+2026>	1
#DefundSanctuaryCities	1
#Dem	2
#DemocRATS	1
#DemocRats	1
#Democracy<U+201D>	1
#DemocratLiesMatter	1
#DemocratProgressives	1
#Democrats	5
#DemocratsHateAmerica<U+2026>	2
#Dems	3
#Deplorables	5
#DeportThemAll	2
#Distraction	1
#Dolar	1
#DonLemon	1
#DonTheCon	5
#Donald	1
#DonaldTrump	9
#DonaldTrump.	1
#DonaldTrump<U+2026>	1
#DonaldTrump<U+275E><U+2026>	9
#Donaldtrump	2
#DontPayAttentionBidenIsSTUPIDandLAUGHABLE	1
#DontheCon	1
#Dotard.	1
#DotardDonnie	1
#DotardHenge	1
#DotardTru<U+2026>	3
#DowJones	1
#Dowd	25
#Dowd,	6
#DrainTheDeep<U+2026>	2
#DrainTheSwamp	8
#Drake	1
#DrugDealers	1
#Dummy	2
#DumpTrump	2
#DumpTrump<U+2026>	1
#Dupree	1
#EEUU	3
#EIB	1
#EMOLUMENTS	25
#ESSAYS	9
#EU	23
#EUA	1
#EUCO	5
#EUCO:	1
#EUtrade	1
#EXCLUSIVE:	9
#Earth,	1
#Economy-Th<U+2026>	1
#Economy-The	1
#ElderAbuse	1
#Elephants	2
#ElisabethHasselbeck	1
#Ember	1
#Emirati	1
#Emoluments	4
#EmolumentsClause	14
#EndTheFed	1
#EndTheSES	1
#Engineers	1
#Enough	7
#EnoughIsEnough	4
#EqualityForAll	1
#Erdo<U+011F>an-	1
#EricHolder	2
#Establishment	1
#Europa	3
#Europe	2
#FAKENEWS!	1
#FBI	3
#FBI.	1
#FBI.Wrong.	1
#FBN<U+2026>	1
#FBPE	1
#FBR	2
#FCC	1
#FNC	1
#FOX	1
#FOXNews	1
#FRAUD	1
#FREEBIAFRA	1
#FaceSays:	1
#Facebook	24
#Facebook,	1
#Facebook-Gr<U+00FC>n<U+2026>	1
#Facebook<U+2019>s	1
#Facebook<U+2026>	1
#FacebookGate.	1
#Facebookgate	18
#FactsFirst	1
#Fail	1
#FakeNews	28
#FakeNewsCNN	1
#FakeNewsMedia	1
#FakeNewsMedia:	2
#FakePresident	1
#Familie	1
#FamilyValues,	1
#FastAndFurious	2
#FauxNews	1
#Fed	2
#Fight	1
#FightFightFight	1
#Finland.	1
#Florida.	2
#FollowTheWhiteRabbi<U+2026>	2
#Forbes	1
#Fox	1
#Fox,	1
#FoxAndFriends	4
#FoxNews	17
#FoxNews,	1
#FreakyFriday	1
#FreeIran	2
#FundOurMilitary,	2
#GIF	1
#GMA	4
#GOP	40
#GOP<U+2026>	2
#GQ	1
#GeneralFlynn	4
#GeorgeNader	2
#GeorgeNader<U+2026>	1
#Geschichten	1
#GoFundMe	1
#God	1
#Goebbels	1
#Gop	1
#Gravitas	1
#GreatAwakening	2
#GretaVanSusteren	1
#GrupoDeLIma	1
#GrupoDeLima	1
#Gulf	1
#GulfIntlForum	1
#GunControlNow	3
#GunReformNow	2
#HAMAS,	2
#HEZBOLAH,	2
#HLN	2
#HOGAN	9
#HUD	1
#HappeningNow	3
#Happy	2
#HappySpring	1
#HeatsUp	1
#Hillary!	1
#HillaryClinton	2
#HoggWash	1
#Hollywood	2
#HouseIntel.	2
#HouseOfRepre<U+2026>	1
#Houthi	2
#I<U+2026>	1
#ICanAlwaysUseAnother	1
#IMPEACH	1
#IP<U+2026>	1
#IRAN	2
#IRGC	2
#IRSCorruption	1
#ISIS	4
#ISIS,	2
#ISLAMIC,	2
#ISPs	1
#ISREAL	1
#ISTANDWITHGENFLYNN	4
#Impeac<U+2026>	1
#Impeach	3
#ImpeachTrump	8
#ImpeachTrump<U+2026>	1
#ImpeachTrumpNow	1
#ImpeachmentNow	1
#India	4
#IndiaLove<U+2026>	1
#Inequality	1
#InequalityTownHall	2
#Inflation	1
#IngoOverton	3
#InsiderTrading	2
#Internacionales:	2
#InternationalDayOfHappiness	1
#Investigation	2
#Iowa	6
#Iran	6
#Iran'ians	1
#Iran,	3
#Iran.	2
#Iran<U+2019>s	2
#Iran<U+2026>	1
#IranDeal,	1
#IranProtests	1
#Iranian	2
#Iran|ian	2
#Israel	3
#ItsMuellerTime	4
#ItsOKToBeWhite	1
#ItsOkayToBeWhite	1
#Ivanka	1
#JOHNDOWD	1
#JPY	1
#Jacksonville,	2
#JakeTapper	1
#Jerusalem,	1
#JheneAiko	1
#JoeBiden	8
#JoeBiden,	2
#JoeBiden...	2
#JoeBiden<U+2019>s	17
#JoeDiGenova	33
#John	5
#JohnDowd	36
#JohnDowd,	10
#JohnDowd,<U+2026>	1
#JohnDowd:	2
#JohnDowdresigns	1
#JohnOliver's	2
#Johndowd	1
#JosephDiGenova	1
#Joy105com	1
#KAG	4
#KAG2018	2
#KAG<U+2026>	36
#KKK	4
#KOCH	2
#KSA	1
#KSAnews	1
#Kabul	2
#KamalaHarris	1
#KarmaIsABitch	1
#Kelly	1
#Kobach	1
#Kosovo	4
#KrisKobach	1
#Kurupt	1
#Kushner	2
#Kushner,	7
#LGBTQ	2
#LOVE	1
#Lalalala	1
#Lamministrazione	1
#LarryKudlow	1
#LawAndOrder	1
#Lawrence:	2
#Lawyer	1
#Lawyers	1
#Lawyers",2
#Legal,1
#Liar,1
#Liberal,2
#LibertyElbow,1
#Like<U+2026>,1
#LilDicky,1
#LockHimUp,1
#LockThemAllUp,4
#Lol,1
#LongTerm<ed><U+00A0><U+00BD><ed><U+00B8><U+00AD>#<U+2026>,1
#LongTermCare<ed><U+00A0><U+00BD><ed><U+00B8><U+00AB>#Dementia,1
#Loonie,1
#LukOil,1
#Lying,2
#M<U+00E9>xico,1
#M<U+2026>,1
#MAGA,181
#MAGA<U+2026>,18
#MAGA?,1
#MAGAForAll,1
#MBS:,1
#MEDIA,1
#MEK,1
#MEK<U+2026>,2
#MERCER,1
#METOO,1
#MIA,2
#MLB,1
#MMC,3
#MN02,3
#MSM<ed><U+00A0><U+00BD><ed><U+00B1><U+0087>.,1
#MSNBC,4
#MTV,2
#MUSLIM,2
#Macron,1
#Maddow,1
#MadeInChina,1
"#Maduro,",1
#Maischberger,1
#Maischberger.,1
#MarchForOurLives,10
#MarkAnthonyConditt,19
#MarkZuckerberg,1
#MarthaMcSally,1
#MaryamR<U+2026>,1
#MattDamon,1
#MbS,1
#Mc<U+2026>,3
#McCabe,1
#McCabe<U+2019>s,1
#McCabeFiring,1
#McCain,1
#McConnell,1
"#McConnell,",1
#McDougal,1
#MeToo,3
#Media,2
#Media<U+2019>s,1
#MelaniaTrump,3
#Mensch,1
#Mercer,1
#Merkel,1
#Metoo,2
#Mexico,6
#MichaelCohen,1
"#MichaelCohen,",2
#Midterms2018,2
#Migos,1
#Minorities,1
#MiracleWatts,1
#MitchMcConnell,3
#Mob,1
#MohammedBinSalman,2
#MoleManWoman,2
#MondayMotivation,3
#Morn<U+2026>,1
#MorningJoe,3
#MorpheusMD,1
#Mozilla,1
#Mueller,40
#Mueller's,1
"#Mueller,",16
#Mueller:,5
#Mueller;,1
#Mueller??,1
#MuellerInvestigation,2
#MuellerIsComing<U+2026>,1
#MuellerTime,2
#N<U+2026>,2
#NAFTA,1
#NATIONALSECURITYRISK,1
#NBC,5
#NBC12,1
#NBCNews2017,1
#NDA.,1
#NETANYAHU,2
#NEWS,9
#NEXT!,2
#NFL,1
#NHL,1
#NPR<U+2026>,1
#NRA,29
#NRA.,2
#NYT,4
#NYT<U+2026>,1
#Nader,4
#Nation<U+2026>,1
#NationalGoofOffDay,1
#Nazi,3
#NeedToImpeach,2
#Nehlen<U+2026>,1
#Nevada,1
#NeverCallMe,1
#New<U+2026>,1
#NewDay,1
#NewYear,1
#NewYearsEve,2
#NewYearsResolution,1
#News,21
#Nixon,1
#NoCollusion,8
#NoOneIsAboveTheLaw,1
#NoSanctuary,1
#NoSwampThugs,3
#NonDisclosureAgreements,1
#NorthKorea,1
#NotMyPresident,2
#NothingButLies,1
#Nowruz,3
#OANN,1
#OBAMA,3
#OBiden,1
#OEA,2
#OHIO,1
#OOTT,1
#Obama,4
#Obama!,1
#Obama-Era,2
#Obama<U+2026>,1
#Obstruction,1
#Oil<U+2026>,1
#Olympics,1
#Omnibus,15
#Omnibus:,1
#OmnibusSpendingBill,1
#OpiodCrisis,1
#Oprah,2
#Outnumbered,1
#PDG,2
#PKK'ya,3
#POTUS,8
#POTUS45,3
#POTUS<U+2026>,1
#PROJECTION!,2
#PUSSY,1
#PUTUS,1
#PVV<U+2026>,1
#Pa<U+2026>,2
#ParisAccord,7
#Parkland,13
"#Parkland,",1
#Patriots,2
#PaulRyan,14
#PaulRyan<U+2019>s,15
#PaulRyan<U+2019>s<U+2026>,16
#PaulaJones,1
#Pelosi,1
#Pence,2
#People,2
#Perez,1
#Peskov,1
#Peters,1
"#Petro,",8
#Planet,1
#Politics,1
#Poll:,1
#Pompeo's,1
#Post,1
#Potus,1
#Poutine<U+201D>,1
#Poutine<ed><U+00A0><U+00BC><ed><U+00B7><U+00B7><ed><U+00A0><U+00BC><ed><U+00B7><U+00BA>,1
#Powell,1
#Powell.,1
#President,2
#PresidentTrump,5
#Presse,1
#PrinceJohn,1
#Pro<U+2026>,2
#ProWhite,1
"#PropagandaMachine,",1
#ProtectMuellerInvestigation,3
#Protectionnisme,1
#Putin,37
#Putin'in,2
#Putin's,5
#Putin.,1
#Putin:,1
#Putin<U+2019>s,2
#Putin<U+2026>,1
#PutinsPuppet<U+2026>,1
#Q,1
#QAnon,23
#QAnon8Chan,2
#QVC,1
#Qanon,6
#Qatar,1
#Quinnipiac,1
#REO,1
#REP,1
#RESISTANCE,1
#RESPONSIBLE,2
#RICO?,1
#RINOs,1
"#RMCNEWS,",2
#RNC,5
#RNC<U+2026>,1
#RRfjtg,1
#RT,2
#RUSSIA,1
#RUSSIANSPYS,1
#RateHike,1
#RealNews,1
#RealTalk,1
#Recession,1
#RedPill,1
#Refugee,2
#RegimeChange,2
#Regulations,1
#Removed,1
#Rep,1
#Republican,1
#RepublicanParty,1
#Republicans,11
#Republicans<U+2026>,1
#Res<U+2026>,6
#ResignTrump,1
#Resis<U+2026>,1
#Resist,24
#Resist<U+2026>,2
#ResistTrum<U+2026>,1
#Resistance,3
#ResistanceParty,7
#Reuters,3
#Rewarding,1
#RichTheKid,1
#RobertMueller,4
#RobertMueller<U+2026>,1
#Rocks!,1
#RuleOf<U+2026>,1
#Russia,23
#Russia:,6
#Russia??,4
#RussiaCollusion,2
#RussiaElections2018,1
#RussiaGate,4
"#RussiaGate,",6
#RussiaInv<U+2026>,1
#RussiaInvestigation,1
#RussiaProbe,1
#RussiaProbe.Dowd,1
#Russiagate,1
#Russian,1
#RussianCollusion,1
#Russians,1
#Russiaprobe,5
#Russie,1
#Russie.,1
#Russie:,2
#Rusya,1
#Ryan,1
"#S&amp;P500"",",1
#S<U+2026>,4
#SAD,1
#SATIRE,9
#SC,3
#SCLgroup,1
#SDF,3
#SENATE,2
#SETX,1
#SOCIALISM,1
#STUPID,1
#STUPID_IN_CHIEF,1
"#Sacramento,",1
#SanBernard<U+2026>,1
#Sanctions,1
#Saray,1
#Saturday,1
#Saudi,4
#SaudiArabia,1
#SaudiArabia's,2
#SaveToysRUs,1
#Saving,1
#SchoolShooting,1
#SchoolShootings,1
#ScotlandsThoughtPolice,1
#SeaOfThieves,1
#Security,1
#Senate,1
#Senior,1
#Sessions,3
#Sessions<U+2026>,1
#SexOffenders<U+2026>,1
#ShutItDown,1
#SmartDissent,2
#SmartNews,1
#SmashBros,1
#Snowden,1
#SpanishInquisition,1
#SpecialCounsel,1
#SpecialReport,7
#Speculation,1
#SpendingBill,4
#StPetersburg,2
#Stahl,1
#StandUp,1
#Stativa,1
#StayWoke,1
#Sto<U+2026>,1
#Stocarket,2
#Stop,1
#Stormy,3
#StormyDaniels,11
#Strafz<U+00F6>lle,2
#Strafz<U+00F6>llen,1
#StrategischeBelang,2
#Stumperd,1
#Sudan,2
#SummerZervos,1
#Summons,1
#Swamp,1
#SwampRebuilding,1
#Syria,1
#T<U+00FC>rkiye,1
#T<U+2026>,10
#TCOT,1
#THREAD,1
#TIME,2
#TIMESUP,1
#TLC,1
"#TLCAN,",1
#TRUMP,73
#TRUMP.....,1
#TRUMP:,3
#TRUMPVILLE,1
#TUCKER,2
#TVVNoticiaspor:,1
#TX,19
#TalkRight,1
#Tariffs,5
#TaxScam,1
#Taxes,2
#TeaParty,1
#TeamBreezy,1
#TeamDl,3
"#TedOlson,",1
#Telegram,2
#TerrorismoMediatico,2
#ThanksGop,1
#TheCabal,1
#TheGoyimKnow,1
#TheGreatAwakening,2
#TheLastWord,1
#TheResistance,68
#TheResistance<U+2026>,1
#TheStorm,1
#TheStory,1
#Thestory,7
#Thu<U+2026>,2
#ThursdayThoughts,62
#ThursdayThoughts<U+2026>,1
#Ti<U+2026>,1
#Till<U+2026>,1
#Tillerson's,1
"#Tillerson,",4
#TimesUp,1
#ToDoList,1
#Tories,1
#ToysRUs,1
#Tr<U+2026>,1
#Trade,2
#TradeWar,2
#TradeWars,1
#Treason?,2
#Troops,1
#Tru<U+2026>,1
#Trudeau,1
#Trum<U+2026>,22
#Trump,910
#Trump!Where,1
#Trump',1
#Trump'in,2
#Trump's,78
"#Trump,",50
#Trump-#Russia,2
#Trump-Ki<U+2026>,1
#Trump.,11
#Trump...,7
#Trump...you<U+2019>re,1
#Trump2020,1
#Trump:,10
#Trump;,1
#Trump<U+2019>s,23
#Trump<U+2026>,8
#Trump<ed><U+00A0><U+00BC><ed><U+00B7><U+00BA><ed><U+00A0><U+00BC><ed><U+00B7><U+00B8>,1
#Trump?,3
#TrumpAdministration,1
#TrumpAgenda,1
#TrumpBecomesUnhinged,1
#TrumpColluded,5
#TrumpColluded<U+2026>,1
#TrumpCorruption,1
#TrumpCrimeFamily,1
#TrumpCrimeFamily<U+2026>,1
#TrumpDerangementSyndrome,1
#TrumpGoonSquad,1
#TrumpIsAnIDIOT,1
#TrumpJr,2
#TrumpLies,1
#TrumpLiesMatter,1
#TrumpMeetsCrownPrince,1
#TrumpR<U+2026>,2
#TrumpRussia,18
#TrumpRussiaCollusion,1
#TrumpRussiaCoverUp,2
#TrumpRussiaInvestigation,3
#TrumpSupporters,1
#TrumpTrain,1
#TrumpTrain2020,1
#TrumpTreason,4
#Trumprussia,1
#Trumps,1
#TrumpsArmy,2
#Trumpville,1
#Truth!,2
#Tshirt,1
#TuesdayThoughts,1
#Turkeyga<U+2026>,2
#Twitter,2
#TwitterBeef,1
#U<U+2026>,1
#UAE,3
#UAE+#KSA,1
#UE,4
#UK,7
#UK<U+2026>,1
#UKIP,1
#UN,1
#US,7
#USA,28
#USA.,1
#USA:,1
#USAToday,1
#USPolitics,2
#Ue,1
#Uni<U+00F3>nEuropea.<U+2026>,1
#UniteBlue,1
#UnitedSta<U+2026>,1
#Urgente.,1
"#Usa,",1
#Usa:,1
#VENEZUELA,1
#VETO,32
#VH1,1
#VH<U+2026>,1
#Valisinin,1
#Vegas,1
#Ven<U+00E4>j<U+00E4>'n,2
#VeryVery,2
#VetoThe<U+2026>,2
#VetoTheOmnibus,1
#Violence,1
#Vix,1
#W<U+00FC>rstchen?,1
#WE,2
#WEAK...,3
#WH,3
#WINNING,1
#WOMAN,1
#WSJ,2
#WTO,1
#WWE,2
#WalkItLikeITalkIt,1
#Wall,1
#WallStreet,1
#War,1
#WarCriminal?,1
#Wash_DC,1
#WeThePeople,1
#WeThePeople<U+2019>s,9
#WeThePeople<U+2026>,1
#Weapons,1
#WednesdayWis<U+2026>,2
#WednesdayWisdom,8
#WeeklyStandard,1
#Welthandel.,1
"#Whistleblowing,Not",1
#WhiteGenocide,1
#WhiteHou<U+2026>,1
#WhiteHouse,8
#WhiteHouse.,2
#Winteriscoming,1
#Wisconsin,2
#With,1
#Witness,3
#World<U+2026>,1
#WorldNews,1
#Worst,1
#WrestleMania,2
#Xi,1
#Yemen,2
#ZUCKERBERG,5
"#Zuck,",1
#Zuckerberg,1
#Zuckerburg,1
#aborto,1
#actor,1
#against,1
#akcie,1
#altRight,1
#argentina.,1
#ass,1
#b<U+2026>,1
#bananarepublic,1
#beaten,1
#biden,4
#bigotry,1
#bombing,1
#bozo,1
#breaking,1
#breakingnews,1
#brexit,1
#broad<U+2026>,1
#broadcom.,1
#buenas<U+2026>,1
#bully,1
#bullying,2
#busybe_,2
#c<U+2026>,2
#cabinetreshuffle,1
#cambridgeanalytica,3
#capoverso,1
#cbs,1
#ccot,1
#cdnpoli,2
#china,2
#cla,1
#clinton<U+2026>,1
#cnn,3
#colusion,2
#comedian,1
#concurrent,2
#confiscate,1
#congress,2
#conscience<U+2026>,2
#conspiracy,2
#couldntgetalong,2
#coverup,1
#cracksinthefoundation,1
#crypto,8
#cyber,1
#dangerous,1
#dazi,4
#deepstate,4
#democrats,2
#deport<U+2026>,1
#devos,1
#dictator,2
#dluhopisy.,1
#doha,1
#dontmakekillersfamous,1
#dowdresigns,1
#draftdoger,1
#drilling,1
#dubai,1
#education,1
#election2020,1
#elections,1
#elephants,2
#elezioni,1
#elezioniUsa,4
#embedded,1
#empireisfalling,1
#facebook,6
#fail,1
#fight,1
#flynn,1
#forefront,1
#forex,1
#foxnews,2
#fraud,1
#fx,1
#geopolitics,1
#gop,3
#govtSwamp,1
#guns,1
#guter,1
#gutfeld,1
#haiku<U+2026>,2
#hannity,1
#hate,1
#hatecrime,1
#having,1
#history,1
#hogg,1
#hoggwash<U+2026>,1
#homophobia,1
#hookers,1
#illiteracy,1
#immigrant.,1
#impeachtrump,1
#impersonator,1
#in<U+2026>,1
#india,1
#indivisible,1
#inflation,1
#infowars,1
#interest_,1
#internet<U+2026>,1
#intlrel,2
#irs,1
#islamabad,1
#jeddah,1
#jewsWillNotEraseUs,1
#johndowd,2
#johndowd<U+2026>,2
#johndown,1
#k<U+00FC>lliye,1
#karachi,1
#keepingit100,2
#la,1
"#lackey,",1
#lahore,1
#law,2
#lawyer,6
#lawyers,1
#leftstream,1
#lit,1
#london,2
#m<U+00FC>lkiye,1
#maga,7
#mapoli,1
#massshootings,1
#media,1
"#money,",1
#morningjoe,2
#msm,1
#msnbc,2
#mueller,3
#murder,1
#muro,1
#n<U+2026>,1
#na<U+2026>,1
#news,3
#newy<U+2026>,1
#nohaymanera,1
#numeracy,1
#obama,2
#offshore,1
#omnibus,18
#omnibusbill,39
#opieradio,2
#organization,1
#outnumbered,1
#pakistan,1
#pence,1
#play4pay,3
#podc<U+2026>,3
#policy,1
#politics<U+2026>,1
#poll,2
#polls,1
#position,1
#potus,4
#president's,1
#presidente,1
#presupuesto,1
#privacy?,1
#propaganda,3
#pussy,1
#put<U+2026>,1
#putin,10
#qanon,3
#quitting,1
#racist,1
#radicalized,4
#rain,1
#relationship,1
#resign,1
#resignation,1
#resigned<U+2026>,2
#resist,4
#resistance,1
#rt,2
#saucier,1
#savelephants,1
"#school,",1
#scp<U+2026>,3
#sessions,1
#sex,1
#sham,1
#signpetition,1
#singer,1
#slobo66,2
#snowday2018<U+2026>,9
#socialist,1
#specialreport,4
#spendin<U+2026>,4
#spendingbill,1
#steel,2
#steeltariffs,1
#stockmarkets,1
#stormy,1
#stupid,1
#tRump,2
#talkradio,1
#tariffs,4
#tariffs.,5
#tax,2
#tbs,1
#tcot,24
#tcot<U+2026>,1
#tea,1
#terrorist,19
#thINK2018,1
#the,2
#thedonald,1
"#thedonald,",1
#thefive,10
#thestory,6
#theview,2
#thewall,1
#thewall',1
#threatens,1
#tlot,1
#todayexplained,3
#topsecret,1
#trade,4
#tradewar...,1
#tramp,1
#tru<U+2026>,2
#truly,1
#trump,93
"#trump,",1
#trump-istan,1
#trump.,4
#trump<U+2019>s,1
#trump<U+2026>,2
#trump?,2
#trumpCHAOS,1
#trumpCHAOS<U+2026>,1
#trumphaiku,2
#trumplandia,2
#trumprussia,1
#trumptantrum,2
#trumptrain,1
#tucker,14
#tweets,1
#twitter,2
#us,1
#usa,3
#usim5,1
#veto,1
#vietnam,1
#vote,3
#wa<U+2026>,2
#wall,1
#washingtonpost,1
#weather,1
#wednesdaywisdom,1
#wethepeople,1
#whatdapodcast,1
#white,19
#whitehouse.,2
#withjewswelose,1
#women,1
#worldwaterday,1
#wuss,1
$,1
$$,1
$1.30 ,5
$1.3trillion,1
$1.57B,15
$1.6billion,1
$10 ,14
$124 ,1
$130 ,2
$152 ,1
$200),1
$20million,1
$25 ,1
$50 ,9
$50bn,3
$641 ,1
"$850,000 ",1
$99.95 ,1
$<U+2026>,1
$DJI,1
$DJIA,1
$SPY,1
$USD,1
$USDCNY,1
&amp;,91
"&amp;,",1
&amp;<U+2026>,4
&gt;,26
&gt;&gt;https://t.co/VSOrPeDtWW&lt;&lt;,1
&lt;#Flash<ed><U+00A0><U+00BD><ed><U+00B2><U+00A5>&gt;,1
'17:,7
'Blatantly,1
'Got,1
'Next,3
'No,1
'Tough,1
'Trump,1
'Trump's,1
'We,1
'aromatics',1
'criminal',3
'eager',1
'first,1
'furious',2
'have,1
'largest',1
'like,4
's,2
(,3
(#MbS),1
(#SEX),2
(1,1
(1.6B,4
(<U+2026>,1
(@Dax_x98):,1
(@Pat_Hemp):,1
(@danilosantini65):,1
(@nytimes),1
(CEO,2
(Donald,1
(Double,1
(Mort<U+2026>,1
(The,2
(This,1
(USFWS),1
(Via:,5
(a,1
(and,1
(bankrupt),1
(in,1
(inclusive),1
(long,1
(mis)use,1
(under,1
(via,2
"(which,",2
(y,1
),8
)<U+2026>,1
*<U+7C73><U+8B70><U+4F1A><U+53F0><U+6E7E><U+65C5><U+884C><U+6CD5><U+6210><U+7ACB><U+3000><U+7FD2><U+8FD1><U+5E73><U+3000><U+5168><U+4EBA><U+4EE3><U+3067><U+9854><U+771F><U+3063><U+8D64>!,1
+,3
++,2
++Eilmeldung++,1
",",18
-,130
--,1
-<U+2026>,1
#NAME?,1
#NAME?,1
.,14
.#Republicans,2
..,5
...,9
...#BBCOS,1
....,3
.....<ed><U+00A0><U+00BE><ed><U+00B4><U+0094>#QanonPosts,1
....<ed><U+00A0><U+00BD><ed><U+00B0><U+0096><ed><U+00A0><U+00BD><ed><U+00B0><U+0096><ed><U+00A0><U+00BD><ed><U+00B0><U+0096>,1
...Trump,1
...une,1
..He,1
.@DanPatrick:,1
.@FoxNews,1
".@GOP,",1
.@JILLWINEBANKS:,1
.@JoeBiden,10
.@JunckerEU,5
.@POTUS...,1
.@RepTomSuozzi,2
.@realDonaldTrump,11
.Hey,1
/,6
0,2
1,5
1,1
1.3,1
10,4
10),3
"1000%,",2
100s,10
11,18
11),2
11/1/2016,1
12,1
12:06,1
12:20,1
12:22,1
12:30,1
13,7
14,5
16GMT,1
18,1
19,1
1930s.,1
"1978,",2
1<U+00E8>res,4
1pmET!,2
2,25
"2,232-page,",1
"2,500",2
20,3
20%,1
"20,339",1
200,4
2015,2
2016,9
2017,8
2018,1
2019,1
2020,3
2023:00:00,1
20B),4
21,14
22,5
2200,2
23,19
25.34%.,1
28-year-old,1
2nd,1
3,5
3%,1
3),2
3/18/2018,1
3/22/2018,1
3/22/2018,1
30%,1
"31,000",1
34,1
34...,1
3rd-graders....and,1
4,11
4),4
40k,1
42<U+2026>,1
450,1
48,2
5,2
5),4
50,6
50$,1
"50,000",1
500,1
54%,2
59,1
5<U+2026>,1
6,3
6),6
6.3059,1
6.46<U+2026>,1
60,5
60%,1
60s,1
64,6
7,18
7),3
77%...A,2
8,6
8),3
80,1
8<U+2026>,3
9),4
956,1
957,1
959,3
9PM,1
:,24
:<U+2026>,1
;,1
;),1
<U+00AB>per,1
<U+00BF>C<U+00F3>mo,1
<U+00BF>pelea,2
<U+00C7>in,1
<U+00C9>,1
<U+00C9>tats-Unis,1
"<U+00C9>tats-Unis,",2
<U+00E0>,23
<U+00E8>,4
<U+00E9>,1
<U+00E9>chappe,1
<U+00E9>chappent,1
"<U+00E9>l,",3
<U+00E9>t<U+00E9>,3
<U+00E9>ventuelle,3
<U+00EA>tre,1
<U+00F6>ffentlichen,1
<U+00FC><U+2026>,1
<U+00FC>berhebliches,1
<U+0391><U+03BC><U+03B5><U+03C1><U+03B9><U+03BA><U+03B1><U+03BD><U+03BF>-<U+03A4><U+03BF><U+03C5><U+03C1><U+03BA><U+03B9><U+03BA><U+03AD><U+03C2>,1
<U+0391><U+03BD><U+03B1><U+03BC><U+03AD><U+03BD><U+03BF><U+03C5><U+03BC><U+03B5>,1
<U+0395><U+0395>,1
<U+0395><U+03C1><U+03BD><U+03C4><U+03BF><U+03B3><U+03B1><U+03BD>.<U+0395><U+03AF><U+03C7><U+03B1><U+03BD>,1
<U+039E><U+03B5><U+03BA><U+03B1><U+03B8><U+03B1><U+03C1><U+03AF><U+03C3><U+03B1><U+03BC><U+03B5>,1
<U+03A4><U+03B9><U+03C2>,1
<U+03A4><U+03C1><U+03B1><U+03BC><U+03C0>,1
<U+03B1><U+03BD>,1
<U+03B1><U+03BD><U+03B1><U+03BA><U+03BF><U+03AF><U+03BD><U+03C9><U+03C3><U+03B7>,1
<U+03B1><U+03C0><U+03CC>,1
<U+03B1><U+03C0><U+03CC><U+03B3><U+03B5><U+03C5><U+03BC><U+03B1>,1
<U+03B1><U+03C1><U+03B3><U+03AC>,1
<U+03B3><U+03B9><U+03B1>,1
<U+03B4><U+03B5><U+03BD><U+2026>,1
<U+03B5><U+03BE><U+03B1><U+03B9><U+03C1><U+03B5><U+03AF><U+03C4><U+03B1><U+03B9>,1
<U+03B7>,2
<U+03B8><U+03AD><U+03BC><U+03B1><U+03C4><U+03B1>,1
<U+03BA><U+03B1><U+03B9>,2
<U+03C0><U+03B5><U+03C1><U+03B9><U+03C6><U+03B5><U+03C1><U+03B5><U+03B9><U+03B1><U+03BA><U+03AC>,1
<U+03C3><U+03C5><U+03B6><U+03AE><U+03C4><U+03B7><U+03C3><U+03B1><U+03BD>,1
<U+03C3><U+03C7><U+03AD><U+03C3><U+03B5><U+03B9><U+03C2>,1
<U+03C4><U+03B7><U+03BB><U+03B5><U+03C6><U+03C9><U+2026><U+2026>,1
<U+03C4><U+03BF>,2
<U+03CC><U+03C4><U+03B9>,1
<U+0623><U+0646>,2
<U+0627><U+0644><U+0623><U+0645><U+0631><U+064A><U+0643><U+064A>,2
<U+0627><U+0644><U+0623><U+0648><U+0631><U+0648><U+0628><U+064A>,3
<U+0627><U+0644><U+0627><U+062A><U+062D><U+0627><U+062F>,3
<U+0627><U+0644><U+062A><U+062C><U+0627><U+0631><U+064A>,2
<U+0627><U+0644><U+062C><U+0645><U+0631><U+0643><U+064A><U+0629>,2
<U+0627><U+0644><U+0631><U+0633><U+0648><U+0645>,2
<U+0627><U+0644><U+0634><U+064A><U+0648><U+062E>,2
<U+0627><U+0644><U+0635><U+0644><U+0628>,1
<U+0627><U+0644><U+0635><U+0644><U+2026>,2
<U+0627><U+0644><U+0645><U+0645><U+062B><U+0644>,2
<U+0628><U+0645><U+062C><U+0644><U+0633>,2
<U+062A><U+0637><U+0628><U+064A><U+0642>,2
<U+0631><U+0633><U+0648><U+0645>,1
<U+0633><U+064A><U+0633><U+062A><U+062B><U+0646><U+064A>,2
<U+0639><U+0644><U+0649>,2
<U+0644><U+062C><U+0646><U+0629>,2
<U+0645><U+0646>,3
<U+0648><U+0622><U+062E><U+0631><U+064A><U+0646>,1
<U+064A><U+0628><U+0644><U+063A>,2
<U+064A><U+0639><U+0641><U+064A>,1
<U+2013>,4
<U+2014>,10
<U+2014><U+2026>,15
<U+2018>#Trump,5
<U+2018>60,1
<U+2018><U+0131>,1
<U+2018>Hostages<U+2019>,1
<U+2018>Obstructionist,1
<U+2018>Pitbull<U+2019>,3
<U+2018>Secret,2
<U+2018>Trump,2
"<U+2018>Trump,",1
<U+2018>WITCH,8
<U+2018>Will,1
<U+2018>collusion<U+2019>,1
<U+2018>leaks<U+2019>,3
<U+2018>rhetorical,1
<U+2018>s,3
<U+2018>trea<U+2026>,1
<U+2019>17:,7
<U+2019>dr<U+2026>,1
<U+2019>dream,1
<U+201C>,1
<U+201C>#OneHellof,1
<U+201C>#Trump,3
<U+201C>#crazy<U+201D>,1
<U+201C><ed><U+00A0><U+00BC><ed><U+00B7><U+00BA><ed><U+00A0><U+00BC><ed><U+00B7><U+00B8><ed><U+00A0><U+00BC><ed><U+00B7><U+00B7><ed><U+00A0><U+00BC><ed><U+00B7><U+00BA>#Trump,1
<U+201C>Biden,1
<U+201C>Chinese,1
<U+201C>Designated,1
<U+201C>Digital,17
<U+201C>He,3
<U+201C>I,4
<U+201C>Keep,1
<U+201C>Let,1
<U+201C>MUSLIM,18
<U+201C>No,1
<U+201C>President,2
<U+201C>The,2
<U+201C>They<U+2019>re,1
<U+201C>Waiting,4
<U+201C>What,1
<U+201C>a,1
<U+201C>attaboy<U+201D>,1
<U+201C>avrebbe<U+2026>,1
<U+201C>dossier<U+201D>,1
<U+201C>grain,1
<U+201C>have,2
<U+201C>normal<U+201D>,1
<U+201C>physica<U+2026>,15
<U+201C>political,1
<U+201C>someone,1
<U+201C>suaviza<U+201D>,1
"<U+201C>voters<U+201D>,",1
<U+201C>we,3
<U+201D>We,2
<U+201E>#Trump,1
<U+201E>Ich,1
<U+2022>11,5
<U+2022>5,5
<U+2022>Jun,7
<U+2022>Lead,7
<U+2022>Sep,7
<U+2026>,5
<U+2026><U+2026>,1
<U+2192>,1
<U+23EC>ORDER,1
<U+2624>,11
<U+2624><U+26A0><U+FE0F><U+2695><U+FE0F><U+26A0><U+FE0F>,11
<U+2695><U+FE0F><U+26A0><U+FE0F>,11
<U+26A0><U+FE0F><U+2695><U+FE0F>,11
<U+26A1><U+FE0F>,1
<U+26A1><U+FE0F>#Moments:,2
<U+26A1><U+FE0F>Donald,1
<U+2705><U+2705><U+2705><U+2705>Attention,2
<U+275D>Crazy,11
<U+275D>The,11
<U+2764><U+FE0F><U+2026>,1
<U+27A1><U+FE0F>,1
<U+2935><U+FE0F>,1
<ed><U+00A0><U+00B5><ed><U+00B1><U+00AC><ed><U+00A0><U+00B5><ed><U+00B1><U+00BD><ed><U+00A0><U+00B5><ed><U+00B1><U+00AC><ed><U+00A0><U+00B5><ed><U+00B1><U+00B9>,2
<ed><U+00A0><U+00BC><ed><U+00B7><U+00A8><ed><U+00A0><U+00BC><ed><U+00B7><U+00B3>#China,1
<ed><U+00A0><U+00BC><ed><U+00B7><U+00A9><ed><U+00A0><U+00BC><ed><U+00B7><U+00AA>,1
<ed><U+00A0><U+00BC><ed><U+00B7><U+00AB><ed><U+00A0><U+00BC><ed><U+00B7><U+00B7>,1
<ed><U+00A0><U+00BC><ed><U+00B7><U+00AF><ed><U+00A0><U+00BC><ed><U+00B7><U+00B5>Japan,2
<ed><U+00A0><U+00BC><ed><U+00B7><U+00B7><ed><U+00A0><U+00BC><ed><U+00B7><U+00BA>,1
"<ed><U+00A0><U+00BC><ed><U+00B7><U+00B7><ed><U+00A0><U+00BC><ed><U+00B7><U+00BA>Russia,",2
<ed><U+00A0><U+00BC><ed><U+00B7><U+00B8><ed><U+00A0><U+00BC><ed><U+00B7><U+00A6>,1
<ed><U+00A0><U+00BC><ed><U+00B7><U+00B9><ed><U+00A0><U+00BC><ed><U+00B7><U+00B7>Turkey,2
<ed><U+00A0><U+00BC><ed><U+00B7><U+00BA><ed><U+00A0><U+00BC><ed><U+00B7><U+00B8>,4
<ed><U+00A0><U+00BC><ed><U+00B7><U+00BA><ed><U+00A0><U+00BC><ed><U+00B7><U+00B8><U+2026>,1
"<ed><U+00A0><U+00BC><ed><U+00B7><U+00BA><ed><U+00A0><U+00BC><ed><U+00B7><U+00B8>Apparently,",2
<ed><U+00A0><U+00BC><ed><U+00B7><U+00BA><ed><U+00A0><U+00BC><ed><U+00B7><U+00B8>CALLING,1
<ed><U+00A0><U+00BC><ed><U+00B7><U+00BE><ed><U+00A0><U+00BC><ed><U+00B7><U+00AA>,1
<ed><U+00A0><U+00BC><ed><U+00BC><U+008A>,1
<ed><U+00A0><U+00BC><ed><U+00BC><U+008A><ed><U+00A0><U+00BC><ed><U+00BC><U+008A>,2
<ed><U+00A0><U+00BC><ed><U+00BC><U+0090>,1
<ed><U+00A0><U+00BC><ed><U+00BE><U+00A5>,1
<ed><U+00A0><U+00BD><ed><U+00B0><U+00B7>,1
<ed><U+00A0><U+00BD><ed><U+00B1><U+0080>Econ101,1
<ed><U+00A0><U+00BD><ed><U+00B1><U+0087><ed><U+00A0><U+00BD><ed><U+00B1><U+0087><ed><U+00A0><U+00BD><ed><U+00B1><U+0087><ed><U+00A0><U+00BD><ed><U+00B1><U+0087><ed><U+00A0><U+00BD><ed><U+00B1><U+0087><ed><U+00A0><U+00BD><ed><U+00B1><U+0087><ed><U+00A0><U+00BD><ed><U+00B1><U+0087><ed><U+00A0><U+00BD><ed><U+00B1><U+0087><ed><U+00A0><U+00BD><ed><U+00B1><U+0087><ed><U+00A0><U+00BD><ed><U+00B1><U+0087>,2
<ed><U+00A0><U+00BD><ed><U+00B1><U+0087><ed><U+00A0><U+00BD><ed><U+00B1><U+0087><ed><U+00A0><U+00BD><ed><U+00B1><U+0087>We,2
<ed><U+00A0><U+00BD><ed><U+00B1><U+0087>or,3
<ed><U+00A0><U+00BD><ed><U+00B1><U+0089>,1
<ed><U+00A0><U+00BD><ed><U+00B1><U+0089>Adesso,1
<ed><U+00A0><U+00BD><ed><U+00B1><U+008D>,1
<ed><U+00A0><U+00BD><ed><U+00B1><U+008D><ed><U+00A0><U+00BD><ed><U+00B1><U+008D><ed><U+00A0><U+00BD><ed><U+00B1><U+008D><ed><U+00A0><U+00BD><ed><U+00B1><U+008F><ed><U+00A0><U+00BD><ed><U+00B1><U+008C><ed><U+00A0><U+00BD><ed><U+00B8><U+0098><ed><U+00A0><U+00BD><ed><U+00B8><U+0098><ed><U+00A0><U+00BD><ed><U+00B8><U+0098>,1
<ed><U+00A0><U+00BD><ed><U+00B1><U+008F>,1
<ed><U+00A0><U+00BD><ed><U+00B2><U+00A3><U+2026>,4
<ed><U+00A0><U+00BD><ed><U+00B2><U+00A5><ed><U+00A0><U+00BD><ed><U+00B2><U+00A5>,2
<ed><U+00A0><U+00BD><ed><U+00B2><U+00A5><ed><U+00A0><U+00BD><ed><U+00B2><U+00A5>Flashback..,1
<ed><U+00A0><U+00BD><ed><U+00B2><U+00B8>,1
<ed><U+00A0><U+00BD><ed><U+00B3><U+00BA><U+2728>HEADLINE,1
<ed><U+00A0><U+00BD><ed><U+00B4><U+00B4>,2
<ed><U+00A0><U+00BD><ed><U+00B4><U+00B4>All'#Ue,1
<ed><U+00A0><U+00BD><ed><U+00B5><U+00B3><U+FE0F>THE,4
<ed><U+00A0><U+00BD><ed><U+00B6><U+0095><ed><U+00A0><U+00BC><ed><U+00BF><U+00BC><U+2019>s,1
<ed><U+00A0><U+00BD><ed><U+00B8><U+0082>,17
<ed><U+00A0><U+00BD><ed><U+00B8><U+0082><ed><U+00A0><U+00BD><ed><U+00B8><U+0082><ed><U+00A0><U+00BD><ed><U+00B8><U+0082>,1
<ed><U+00A0><U+00BD><ed><U+00B8><U+0082><ed><U+00A0><U+00BD><ed><U+00B8><U+0082><ed><U+00A0><U+00BE><ed><U+00B4><U+00AB>,1
<ed><U+00A0><U+00BD><ed><U+00B8><U+0082><ed><U+00A0><U+00BE><ed><U+00B4><U+00A3><ed><U+00A0><U+00BD><ed><U+00B8><U+0082><ed><U+00A0><U+00BE><ed><U+00B4><U+00A3>,2
<ed><U+00A0><U+00BD><ed><U+00B8><U+0082>May,1
<ed><U+00A0><U+00BD><ed><U+00B8><U+0084>,1
<ed><U+00A0><U+00BD><ed><U+00B8><U+0086><ed><U+00A0><U+00BD><ed><U+00B8><U+0086><ed><U+00A0><U+00BD><ed><U+00B8><U+0086>,2
<ed><U+00A0><U+00BD><ed><U+00B8><U+008A>,3
<ed><U+00A0><U+00BD><ed><U+00B8><U+008F>,1
<ed><U+00A0><U+00BD><ed><U+00B8><U+009C><ed><U+00A0><U+00BD><ed><U+00B8><U+00B3>,1
<ed><U+00A0><U+00BD><ed><U+00B8><U+00A1>,1
<ed><U+00A0><U+00BD><ed><U+00B8><U+00B5>,15
<ed><U+00A0><U+00BD><ed><U+00B9><U+0084><ed><U+00A0><U+00BD><ed><U+00B8><U+0082>,1
<ed><U+00A0><U+00BD><ed><U+00B9><U+0088>,1
<ed><U+00A0><U+00BD><ed><U+00B9><U+008B><U+200D><U+2642><U+FE0F>#facebookdataleak,1
<ed><U+00A0><U+00BD><ed><U+00B9><U+008F>,1
<ed><U+00A0><U+00BD><ed><U+00BA><U+00A8>SOURCE:,1
<ed><U+00A0><U+00BD><ed><U+00BA><U+00A8>This,2
<ed><U+00A0><U+00BE><ed><U+00B4><U+0094>,2
<ed><U+00A0><U+00BE><ed><U+00B4><U+0094>Does,3
"<ed><U+00A0><U+00BE><ed><U+00B4><U+00A1>,",1
<ed><U+00A0><U+00BE><ed><U+00B4><U+00A3>But,1
<ed><U+00A0><U+00BE><ed><U+00B4><U+00B7><ed><U+00A0><U+00BC><ed><U+00BF><U+00BB><U+200D><U+2642><U+FE0F>,1
<ed><U+00A0><U+00BE><ed><U+00B5><U+0081>,1
<ed><U+00A0><U+00BE><ed><U+00B7><U+0090>,2
=,1
=&gt;,1
#NAME?,1
?,8
@,5
@100FrogLegs,1
@11plus1TrueHawk:,5
@1776USAPatriot:,1
@419system,1
@4FreedominIran:,1
@67Snowy:,3
@<U+2026>,10
@ABAJournal.,1
@ABAJournal:,1
@ACSpollen,1
@ARYNEWSOFFICIAL:,1
@A_D_Prasad:,1
@AardvarkEmpress:,1
@Actinver:,1
@AdamLockett34:,1
@AfD_HD:,2
@AffiKolevik,1
@Agenzia_Ansa:,2
@AlArabiya_Eng:,1
@AleksKhlebnikov:,1
@Alina__IVI:,2
@AllenWatson23:,7
@Amy_Siskind,1
@AndrewLuck23:,1
@AndyOstroy:,7
@AnimalsHaveValu:,1
@Anna_Soubry,1
@Anncostanza1:,1
@Anon_decoder:,1
@AnthonyGlees,1
@AntonioSabatoJr,8
@ApotheosisTV:,2
@Aprimmer243,1
@Aramaithea:,2
@Ardamora,1
@AriMelber,1
@ArjaPaananen:,1
@AsiaNews_FR:,1
@AtuChristian:,2
@AyanaReece,1
@B3infos:,1
@BBC,2
@BBCAnuAnand:,1
@BBCNews,2
@BBGgov,3
@BDS_KSA:,3
@BMediaQ:,1
@BR24:,2
@Bad_Writer0111:,1
@BanditRandom:,4
@BarackObama,13
@BasedMonitored,1
@BeSaf<U+2026>,1
@BearVollmer,1
@BenSwann_:,3
@BernadetteMhill:,1
@BethLync<U+2026>,1
@BillMontgomer:,1
@BillieCotter,1
@BlackNews4Real:,1
@Blake_View:,4
@Bob00Smith:,1
@BobbyTBD:,1
@BobinHB:,1
@BreeNewsome,1
@BrendanSchaub,1
@BrianPaulStuart:,1
@BridgetKF30:,2
@BrigidWD,2
@BristowatHome:,3
@BrodieLeeDylan:,1
@Btweentwolions,1
@BukowskisNephew:,1
@CB618444:,3
@CBSNews,1
@CER_IanBond:,2
@CHIZMAGA,1
@CIA,1
@CNBCArabia:,3
@CNN,4
@CNNEE,1
@CNNPolitics,1
@CPofWA:,1
@Caissie,1
@CaliDeplorable:,28
@Camilleyahooco4:,1
@Causeur,1
@Channel4News,2
@ChinSuYi,1
@ChrisStirewalt,1
@ChrisWHoene,3
@ChukaUmunna,1
@ChunAlexandria,1
@CivilRights,1
@Cocoabitter,1
@CollinRugg,1
@Combo_Ck:,1
@ConorLambPA,1
@CorentinSellin:,32
@CoreyLMJones,2
@CrashScullowitz:,1
@CutyDave,1
@DJT_retweets,1
@DNC,1
@DRUDGE,16
@DTrumpPoll:,3
@DaRealWillTesla:,1
@DaShanneStokes:,8
@DailyMail,1
@DanCovfefe1,1
@DanSnyderFOX25:,1
@DannyCole90:,1
@Danske_Research:,2
@DarkGermany:,1
@DasErste,1
@DavidRomeiPHD:,21
@DearAuntCrabby:,6
@DebbiDelicious:,1
@DestroyIllusion,1
@Dictionarycom:,2
@Dorothyyahooco4:,1
@DorvalTony:,1
@DowdEdward:,1
@DrFred57,1
@DrMartyFox:,4
@DrStrange2018,1
@E<U+2026>,4
@EBridger8:,1
@EDDIEBARRETT:,1
@EEAthina:,1
@EJinAction:,2
@EU_Commission,1
@EcoSystemDown:,2
@EdKrassen,1
@EjHirschberger:,35
@ElaineD9999999,1
@EllieGeranmayeh,1
@EllieGeranmayeh:,1
@ElmarBrok_MEP,1
@ElsaMo29:,1
@Emolclause:,21
@EsguerraLor:,1
@EvaDallo,1
@FBI,1
@FDRLST,1
@FLOTUS,4
@FMoniteau:,87
@FT,1
@Facebook,1
@FinancialReview:,1
@Forchielli:,1
@FoxBusiness,1
@FoxNews,13
@FoxNews:,8
@FoxNewsResearch:,9
@FranceNews24:,2
@FranncescaRobi1,8
@Fuctupmind,1
@FunkyTeeZ:,1
@GIT_ER_DONE_USA,1
@GOP,3
@GOPLeader,1
@GadflyMorse:,1
@GaltsGultch:,2
@GarySinise,1
@GavinLeeBBC:,1
@GayConservativ3,1
@Geopoliticainfo:,1
@Golfinggary5221:,2
@GoodmanComedian:,1
@Govjerrybrown's,2
@GregoryFStarlin,1
@HFACDemocrats:,1
@HLN_BE,1
@HNPSWA4,1
@HaidaPrincess:,1
@HaizamAmirah:,1
@Herald_Reporter:,1
@HeshmatAlavai:,1
@HezbollahWatch:,2
@HillaryClinton,1
@Hillaryh4444Hos:,11
@Hisladydiana,2
@HouseCracka,2
@HuntsberryBeth:,1
@ICEgov,1
@IDAUSA:,1
@IVotedRemainEU:,2
@IlariaBifarini:,1
@ImpaginatoTw:,1
@IngrahamAngle,1
@InspiringU2:,2
@IntropaJacques,1
@IvankaTrump,2
@JC_Not_J_Christ,1
@JGBPOV,1
@JJDanceN1:,3
"@Jack,",1
@JamesAGagliano,1
@James_Taylor78:,1
@JanzforCongress:,13
@JayWBZ,1
@JerryHicksUnite:,7
@JoeB202:,5
@JoeBiden,17
@JoeBiden.,1
@JoeBiden:,1
@John_C_Catsh:,3
@John_Kieffer:,1
@John_KissMyBot:,20
@Jonatha06521993,1
@Jonesie1967,1
@JoyAnnReid,3
@JoyceEScott1,1
@Judgenap,1
@JulianRoepcke,1
@Justafool2764,1
@KHeslerINDY:,1
@KNP2BP:,5
@KTLA,1
@KarmaWordz:,2
@Karsten_Heyde,1
@KassyDillon,1
@Kateryna_Kruk:,2
@KellyGirl2018,1
@KevasRobert,8
@KitDaniels1776:,16
@KorddadL:,1
@KrisParonto,2
@LOCKHIMUPUSA:,2
@LVNancy:,42
@LauraLoomer:,10
@Lawrence,1
@LaydiHD,1
@Leffeon_daDon,1
@LeoNYC:,1
@LiamFox,1
@LibbySchaaf,1
@LindseyGrahamSC,1
@LisaArmstrong:,1
@Logic_Triumphs:,2
@LokiSullivan:,4
@LoraLeaTucker,1
@LouDobbs,4
@LoveMyTrump45:,1
@MEL2AUSA,1
@MELANIATRUMP,1
@MSNBC,2
@MTV,1
@MaddowBlog,3
@MaggieJordanACN,1
@MaggieJordanACN<U+2026>,1
@MagnumForamen:,1
@Mai<U+2026>,1
@MalmstromEU,1
@Mari<U+2026>,1
@MarianMercados:,1
@Mariehoiles121,1
@Marina__Peric,1
@MarkDice,1
@MarkSZaidEsq:,1
@Mark_Morden:,1
@MaryJaneCmplnz:,1
@Masoud_Dalvand:,1
@MassD:,1
@MaxineWaters,2
@MichaelCohen212,2
@MikeDeWine,1
@Mina_Andreeva:,4
@Mojahedineng:,2
@MplsMe,8
@MrEdTrain:,3
@MsAnneBoleyn,1
@MutluUm4711:,1
@MyraBraganti:,1
@NPR,1
@NPR.,1
@NWPinPDX:,3
@NancyPelosi:,1
@Nasser_Saidi:,1
@NatObserver:,1
@NatashaBertrand,1
@NewLibyaReport:,1
@Newsweek,1
@NiHauMau,1
@NicolasBaverez,2
@NicolleDWallace,1
@Nova_Magazine17:,2
@Nyonitz:,1
@Nyrgs:,1
@Oakland,1
@Obamaisnuts:,1
@OliviaResists,8
@OnceNoticiasTV:,2
@OpenSecretsDC:,2
@OpieRadio:,1
@OutnumberedFNC,1
@PMbeers:,1
@POLITICO,1
@POTUS,83
@POTUS.,1
@POTUS<U+2019>s,6
@POTUS?,1
@PRyan,1
@Pat_Hemp:,1
@PatrioticCindy:,4
@PaulLee85,1
@PedroRodriguezW:,1
@PeteNicodemus:,1
@PoLitCrit,1
@PoetJPHogan:,4
@PoliticsNewz:,1
@PoliticsVillage:,1
@PoliticusSarah,1
@President1Trump,2
@PurpleGimp:,1
@PwrChip:,2
@QualitySMC:,1
@RCorbettMEP:,2
@RJGatorEsq:,15
@ROBZIK:,2
@RTLZ,1
@RTLnieuws,1
@RT_com:,1
@RTenfrancais:,1
@RaiNews:,1
@RandPaul,1
@RealDLHughley:,3
@RealDonaldTrFan,1
@RealDonaldTrump,1
@RealMuckmaker,1
@RealNewsLine:,2
@RedApplePol:,1
@RedPilledinNY:,1
@Redtowel4,1
@RepEliotEngel:,3
@RepGoodlatte,1
@RepJasonLewis,3
@RepMarkMeadows,1
@RepSwalwell,3
@RepTedLieu:,1
@RichardAngwin:,1
@Richardfreeusa:,1
@RickSaccone4PA,1
@RitaCosby:,2
@Roger51189854,1
@RogerHalsted:,1
@RonnieMoas:,2
@SChrles:,1
@SRuhle,1
@SWagenknecht:,1
@SXMProgress:,2
@SamWiseSW:,7
@SandraHartle:,7
@SandraTXAS:,10
@SarahPalinUSA,1
@Schnitzer:,1
@SchonhoS,1
"@SchwartzDefense,",2
@SecShulkin,1
@SenBlumenthal,1
@SenateMajLdr,13
@SethMacFarlane,1
@SiddonsDan:,1
@SilverAdie:,1
@SmittyJade1:,2
@SneakerWonk:,3
@Sonny_P_Hong,1
@SpeakerRyan,16
@Squeakey6:,1
@SteveTrubilla:,1
@StevenM76954443:,4
@Stimson_EAsia,1
@Stop_Trump20:,7
@StormyDaniels,1
@Stump_for_Trump,1
@Styx666Official:,2
@SubyGurl,1
@SulmaK,1
@Sunrise51052:,12
@SusannaMatte:,3
@Szeltolok:,1
@TGowdySC,1
@THEPOTATOHEADS:,1
@TIMENOUT:,3
@TPM,2
@T_W_Haines:,1
@Take_USA_Back:,1
@TalbertSwan:,2
@TeddySandman:,3
@TestyTarheel:,3
@Texian45:,1
@ThatsMrNeil:,5
@TheCapitanJose:,1
@TheDemocrats<U+2026>,9
@TheJusticeDept,3
@TheKellyLlama:,1
@TheNYevening:,1
@TheRickyDavila,2
@TheStephenRalph:,1
@TheView,1
@The_UnSilent_,1
@The_UnSilent_:,32
@TheresaMechele:,2
@ThomasB00001:,2
@TimFernholz,1
@TimothyKenison:,1
@ToDropADime2:,5
@TomCottonAR,1
@Tombx7M:,17
@TonyContino:,2
@TracyJohnke<U+2026>,1
@TravisRuger,1
@TrumpFranceInfo:,1
@TrumpGuyTV:,34
@TrumpTrain,1
@Trumpfan1995:,32
@Trumptweets2020:,3
@Truth_Again:,1
@TuckerCarlson,1
@Twitter,1
@TwitterMoments,3
@TylerElsa:,1
@UBetterlikeme,1
@UBigMadLilMad:,1
@UCLASemelFriend:,1
@ULielischkies,1
"@UN""It's",1
@USA,1
@USANewsAgency:,1
@USATODAY,1
@USArmy.,3
@USPressWorld:,1
@Uncle_Jimbo:,2
@UniteWomenGA:,1
@Unpersuaded112:,5
@VOP_USA:,1
@VP,7
@VanityFair,1
@VictorZubarev:,1
@WIONews:,1
@WISSENAgentur:,1
@WalshFreedom,1
@WandaWCarpenter:,1
@WashNewsLine:,8
@WashTimes,26
@WesMart64768481,1
@Whippenz:,9
@WhiteHouse,3
@WilliamARuss:,2
@WilliamNSmith3,1
@WolfgangAstro:,1
@Worldnews_Media,1
@XHNews,5
@XHNews:,11
@YouTube,2
@Zola1611,1
@ZootopiaCity:,2
@_00111111_:,7
@_drudgereport_:,1
@acastaneda3705,1
@actualiteitjunk:,1
@afbranco:,2
@afneil,1
@amjoyshow:,3
@amsafavi:,1
@analysisnytimes:,2
@ananavarro,1
@andrewchristian:,1
@ap),2
@apex_archive:,1
@atlblog,1
@attackerman,1
@bcolbert68:,6
@beangiterdone,1
@beehive1027,1
@betseyross:,1
@bgood12345:,1
@bigdogjeff65:,1
@bigtickHK:,1
@billysaad81:,19
@blackvenom1226:,4
@boopsandbeeps,1
@brexit_sham:,1
@brownsugar7878:,1
@bryancallen,1
@btbshowtime,1
@caesarjrivera,1
@calidhd:,1
@cass_liberty:,1
@cdmarine:,3
@cfcpac:,1
@chansunshine3:,2
@chelseahandler,2
@cherry_unica:,1
@chicksonright,1
@chinglynn6:,2
@chrislhayes,1
@christianmex:,1
@chuckwoolery:,1
@citynetwork,1
@co_rapunzel4,2
@codeofvets,1
@coinabs:,2
@cortezshine1:,1
@costareports,2
@cowards_are_us:,5
@cpeedell:,1
@curtis<U+2026>,2
@dabeard:,17
@dagenmcdowell,1
@dailykos,1
@danilosantini65:,4
@davedaxtonwv:,1
@davematt88:,1
@dawg_lb,4
@dcexaminer,1
@deblorsexual:,1
@deborahjuanita4:,2
@deejayquai,1
@dezidoesit,1
@dfunzy:,1
@dlwr913:,15
@donnasfineart:,3
@dphutch:,1
@eCoinomicnet:,8
@econjared,3
@ee61star,1
@eldamon:,1
@elisamich0422:,2
@elzey_t:,1
@ericbolling,1
@es_front:,1
@esi_hutchful:,2
@euronews,2
@exoticgamora,8
@fjueguen:,1
@freeWorld2:,1
@glenames,1
@globaltimesnews:,4
@gollum1419_g:,3
@gooding_anita,2
@goofballgeorge,1
@gop,5
@gott_arun:,1
@greentimesmedia,1
@growing0up0girl,1
@halltoons:,1
@handelsblatt:,1
@healthnfood102:,1
@hidehunt1,1
@honegger:,1
@ilhtrm:,2
@iran_policy,1
@iran_policy:,2
@irishrygirl,1
@ironstowe:,3
@ironytheclown,1
@ithomasmore,1
@ithomasmore:,1
@jTjCan06:,1
@jamesdoleman,1
@jamesdoleman:,1
@jamesirving2:,2
@jamiemreinhold,1
@javierbauluz:,1
@jayMAGA45:,1
@jeffsessions,1
@jentaub,1
@jerryg125:,1
@jmpalmieri,1
@joerogan,1
@johnastoehr,1
@johnmyers,3
@johnpmcneil02,1
@jonathans_tobin:,2
@jphoganorg:,4
@jptoner50:,13
@just_the_pope:,1
@kregger2012,8
@krystalwolfgrl:,2
@kttk234567:,1
@kumailn,1
@kwilli1046:,22
@kylegriffin1,2
@ladydem65,1
@laloalcaraz,2
@lizcabrera55:,2
@lopezobrador_,1
@lumpylouise,1
@madflavor,1
@maischberger,1
@maischberger:,1
@mariafarrell,1
@marionpfallon,1
@marklevinshow,4
@maryjane61571:,1
@maxhofmann:,1
@menleuropa:,1
@mike_pence<U+2026>,1
@mikogmike:,1
@mitchellreports,1
@mitchellvii,5
@mkhammer,1
@mobygrapefan,1
@mog7546:,66
@mornin<U+2026>,1
@mosesjeanpaul,1
@mrbeercrusher:,1
@mrvin:,1
@msnbc,1
@mykelmoghul,1
@n<U+2026>,2
@nbcnews,4
@newsobserver:,1
@newtgingrich:,26
@nhdagblad,1
@nicolasbayfn,1
@nikkihaley,3
@noainny:,1
@norrthpier:,1
@nowthisnews,2
@nyinvesting:,1
@nypost,1
@nytimes,1
@o4america,3
@oliverstake:,4
@oliviakelll,1
"@palkisu,",1
@perfectsliders:,13
@pkni:,1
@platowmedien:,1
@poconomtn,1
@polishprincessh,1
@politicususa,6
@politicususa:,4
@pollsofpolitics:,7
@potus,6
@proviewsusa,1
@putinsclown:,1
@realD<U+2026>,2
@realDailyWire,1
@realDonaldTrump,98
@realDonaldTrump's,4
@realDonaldTrump.,1
@realDonaldTrump?,2
@realGrimWilliam:,1
@realdonaldtrump,1
@realdonaldtrump.,1
@reddroostermann,1
@reddroostermann<U+2026>,1
@resistbot,1
@rhondaleeindc:,1
@ricksinger:,1
@rk70534:,1
@roweafr's,1
@rp4freedom1st,1
@rushlimbaugh,1
@sardire:,1
@scb1932:,3
@seanhannity,9
@segnanti:,3
@sendavidperdue,1
@silver_fox9,1
@skr52562,1
@sldmfree,1
@smartdissent:,2
@srcuddy:,1
@stacy_redvirgo<U+2026>,1
@stefansmek:,1
@steinarsko:,1
@stekelrat:,1
@stephbjork,1
@stephenWalt:,7
@stuberry69,1
@sunny,2
@taxbuzzonline:,2
@texasnick310:,1
@thaisthataa:,2
@thatisDVS:,9
@thebradfordfile,2
@thedavedarker:,1
@therealwombat1:,12
@theresa_may,1
@thunorsson:,1
@timingnotluck:,1
@timseymour:,1
@tmservo433:,1
@trump_woman<U+2026>,2
@trumpimpeachmnt:,2
@truthseekerd:,1
@tsktsk61,1
@twinsational:,1
@twitkalk:,1
@unchuq,1
@unique<U+2026>,1
@vaughanabuse:,1
@vemedigital:,3
@vote_trump_out:,1
@voxdotcom,4
@wbznewsradio,1
@wbznewsradio:,2
@webstereo:,1
@wendydshaffer,2
@wesley_jordan,8
@whowhatwhy:,1
@wilkie4,1
@wisehispanic:,1
@woodruffbets,2
@worldnewsdotcom:,1
A,108
AB,1
ABD'nin,1
ABOUT<U+2026>,4
ABSOLUTELY,1
ACTOR,1
ADDITION,1
ADMITS,4
ADVICE,1
ADVISERS,3
AF<U+2026>,1
AG,2
AGAINST,4
ALERTE,2
ALL,9
ALL!,1
ALL<U+2026>,2
ALLEGING,25
ALWAYS,1
AM,2
AMERICAN,2
AMERICAN<U+2026>,1
AND,10
ANNOUNCEMENT:,1
ANOTHER,2
ANTI,1
ARE,1
ASAP.,2
ASSHOLES<U+203C><U+FE0F><U+203C><U+FE0F>,2
ATTENTION,1
ATTENTION<U+2753>,18
ATTORNEY,1
Abandon,2
"Abbitten,",1
"Abmarsch,",1
About,16
Absolute,1
Abusing,3
Accepted<U+2026>,7
Accepting,4
"Accomplishments,The<U+2026>",1
Actually,2
Addiction,3
Addictions,2
Admin,6
Administration,5
Administration.,1
Administration<U+2019>s,1
Admissions,2
Affairs,2
Afraid,1
After,25
Ag<U+2026>,1
Again,1
Against,1
Agree,4
"Agreed,",1
"Ah,",1
"Ahhhh,",1
Air,2
Al,1
Al<U+2026>,1
Albert,1
Alexander,4
Alfonso,1
