#,3
##senate,3
#1a,2
#1linewed,1
#1u,1
#2016abdbaimi,1
#2016election.,1
#2016trumptower,1
#2018:,1
#2020,1
#22mar,1
#2a,18
#2a,3
#2adefenders,5
#2am,6
#2ashallnotbeinfringed,5
#2ndamendment,3
#2ndamendmentrights,5
#322,1
#36garhia,1
#4!,1
#44,10
#45,14
#45president,3
#4abr,1
#abc,6
#abd,8
#aborto,1
#actor,1
#adele,1
#adelehello,1
#adolfhitler,1
#afghanistan,1
#africanpolitics,1
#against,1
"#aggregateiq,",1
#aidandcomfort,2
#ajstream,13
#akcie,1
#alexaaskhdfcergo,1
#alexvanderzwaan,2
#algeria,1
#aliciamachado,7
#all,3
#allthattrumpwinningmyass,3
#alqaeda,1
#alsaud,1
#alternativemedia,1
#altnationalparkservice,1
#altnews,2
#altright,1
#alu,1
#alzheimers,1
#amazing,473
#amazing!,1
#amazon,16
"#amazon,",1
#amazon.,1
#amazonprime,1
#amazonprime,1
#amazontrump,1
#ambulancechasers,1
#america,45
#america's,2
"#america,",3
#america:,1
#americaf,2
#americafirst,60
#american,9
#americandreamers,2
#americanelection,1
#americanidiot,1
#americanidol,2
#americanpatriots4trump-browardcounty,8
#americans,3
#amerika,2
#amf,1
#amjoy,2
#amlo,1
#amloenmilenio,1
#amlopresidente,2
#andrewmccabe,3
#androidgames,2
"#anger,",1
#animeright,1
#anna,3
#annalo,34
#annalove,3
#annaloves,8
#annalovestrum,9
#annalovestrump,13
#annexation,1
#anonfamily,2
#anonfamily,2
#anti-nrabias,1
#anti_semitiam,1
#antichrist,1
#antiintellectualism,1
#antitrumpres,1
#ap,3
#apartheid,1
#apartheidisrael,1
#apology.,1
#appgames,1
#apple,1
#approvalratings,1
#apps,2
#aranceles,1
#are,2
#areas,1
#argentina.,1
#arme&amp;footegeddon,1
#armyoftrump,3
#art,20
#art!,1
#art,3
#arte,1
#artfortrump,10
#artikel,1
#artist,1
#artists.,1
#artsy,2
#asaman,3
#asamanece,3
#asianmarkets,1
#ass,8
#assad,1
#asshole,6
#assholetrump,1
#associatedpress,1
#astrology,1
#attacks,1
#aus,1
#austin,21
"#austin,",1
#austinbomber.,3
#austinbombin,1
#austinbombing,1
#austinbombings,3
#austinbombs,2
#australia,1
#awesome!,95
#awkward,1
#b,2
#baby,5
#baby,1
#backthebl,2
"#baddecisions,",1
#baltic,6
#baltic,5
#balticsummit,4
#bananarepublic,1
#banderazo,1
#bankfraud,1
#bankruptcy,1
#bannon,1
#barackobama,6
#barackobama...,1
#baring,1
#bastard's,2
#bbc,6
#bbcbreakingnews,1
#bbcos,1
#bbctw,1
#bdswiss,2
#bear,1
#bears,2
#beat,2
#beaten,1
#beauty!,473
#beijing,2
"#beleave,",1
#bencarson,2
#benghazi,1
#benghazi!!,4
#benjaminnetanyahu,1
#bernie,1
#berniesanders,1
"#bethlehem,",1
#betsydevos,1
#bettercallsaul,1
#bexit,1
#beyazsaray,2
#beyonce,1
#bft,1
#bft,1
#biafrareferendum,1
#biden,40
#biden-#trump,1
#biden2020,1
#biden:,3
#bidens,1
#biden,1
#bifftannen,1
#bigotry,1
#bigsean,1
#bill,3
#billclinton,7
#billions,1
#binyaminnetanyahu,1
#blacchyna,1
#blacklivesmatter,2
#blacktwitter,1
#blm,2
#blockchain,1
#blockrinos,1
#blotus,1
#bluelivesmatter,2
#bluelivesmatter,1
#bluetsunami2018,4
#bluewave.,8
#bluewave2018,10
#bluewavecoming2018,1
#bocaraton,1
#boe,1
"#boeing,",1
#boj,1
#bollocks?,1
#bolton,1
#bombcontrolnow,1
#bomber,19
#bombing,1
#book,2
#boom,3
#border,5
#border,2
#bordercont,16
#bordercontrol,3
#bordersecurity,21
#bordersecurity,4
#borderwall,4
#borderwall:,3
#bornagain.,2
#boy,1
#boycotdavidhogg,2
#boycottis,1
#boycottisrael,2
#boycottmsnbc,12
#boycottsinclair,10
#bozo,1
#break,1
#breakga,1
#breakgazaseige,11
#breakgazaseige,1
#breaking,35
#breaking:,20
#breaking:#johndowd,1
#breaking:#mueller,1
#breaking:summons,13
#breaking:think,3
#breaking:when,4
#breakingne,1
#breakingnews,2
#breakingnews:,1
#breitbart,1
#brennan,4
#brentcrudeoil,1
#brexit,7
"#brexit,#eurocrisis.",2
#bringit,2
#broad,1
#broadcom.,1
"#broidy,",5
#broke,1
#broward,1
#bs,1
#btftw,1
#btw,3
#budget,1
#buenas,1
#buenmiercles,1
#build,14
#buildawall,2
#buildthatwall,1
#buildthewall,53
#buildthewall,1
#buildthewallnow,6
#bully,1
#bullying,2
#bush,1
#bust,3
#bust!,1
#busybe_,2
#butheremails,1
#buttercup!,1
#buttons,3
#buybeats,2
#byanymeansnecessary,1
#byefelicia,1
#c,2
#cabin,1
#cabinetreshuffle,1
#cadetbonespurs,2
#caf<u+00e9>den,2
#cairo,2
#cake!,1
#california,42
#california,1
#cambridge,1
#cambridgeanalytica,16
#cambridgeanalytica),2
"#cambridgeanalytica,",2
#cambridgeanalytica.,1
#cambridgeanalytica,1
#cambridgeanalyticauncovered,1
#cambridgeanalytics,2
#campaignfinance,1
#canad,4
#canada,1
#canada-inspired,2
#canadian,1
#cancer,1
#candy,1
#capitalpunishment,1
#capoverso,1
#caravan,1
#caravan,1
#caravanademigrantes,9
#caravanademigrantes,1
#caravanofillegals,6
#caravanscoming,2
#care2,1
#carrara,1
#carrara,2
#carstenmaschmeyer,1
#cartoon,2
#cartoon:,2
#casablanca,4
#catatonia,2
#catholic,1
#cathouse,2
#cbs,4
#cc,6
#ccctrain,1
#ccot,7
#cdmx,4
#cdnpoli,2
#ce,6
#celebrity,1
#census,12
#centralpark,1
#centroamrica,2
#century,1
#ceo,1
#cfp,3
#chmage,1
#chabahar,1
#championsleague,1
#channingtatum,1
#charity,1
#cheeky,2
#chicagomed,1
#chicagomed,1
#chickenshi,1
#childpresident,1
#children,2
#childtraffick,3
#china,62
"#china"",",1
"#china"".",1
"#china,",9
#china.,1
#china.if,1
#china,1
#chinatariffs,1
"#chine,",1
#chine-#etatsunis,1
#chinese_products,1
#chrisbrown,2
#christianity,5
#churches,1
#cia,3
"#cic,",1
#cina,1
"#cina,",2
#civil,1
#cla,1
#claims,1
#classroomvisit,7
#cleanwateract,1
#climate,7
#clinteastwood,1
#clinton,2
#clinton,1
#closernation,6
#closure,1
#cnbc,1
#cnn,22
#cnninternational,1
#cnnsotu,1
#cnp,1
#code187,1
#codeofvets,16
#college,2
#collusion,6
#colusion,2
#comeatmebro,2
#comedian,1
#comedians,1
#comeuppance!,1
#comey,4
#commonwealthgames2018,1
#communications,1
#concurrent,2
#condoms.,1
#confiscate,1
#congress,17
#congressdoyourjob,22
#congressman,1
#cons,3
#conscience,2
#conservative,4
#conservative,1
#conservatives,1
#conspiracy,6
#constitu,987
#constitution,10
#constitutionalcrisis,3
#consumepopculture,1
#conway,1
#core,1
#corporatewelfarebenefits,1
#corrupt,1
#corruption,6
#corruption.,1
#couldntgetalong,2
#court,1
#coverup,5
#cpac,1
#cpn,1
#cracksinthefoundation,1
#crazy,1
#creati,1
#creative,1
#creepyunclejoe,1
#cremlino,1
#crime,2
#crimestory,1
#crimin,1
#criminal,1
#criminalsdontcare,2
#crooked,1
#crookedhillary,1
#crookedtrump,5
#crowdfunding,1
#crownpri,1
#crownprinceinusa,1
#crownprincesalman,1
#cruzcrew,1
#crypto,8
#cuba,6
#culo,7
#culturesways,1
#cumbredelasamericas,2
#cy,1
#cyber,1
#d,7
#daca,7
#dacadeal,1
#dacadreamers,1
#dacarecipients,1
#dailynews,2
#dailyreminder,1
#dairyq,1
#dancoats,1
#dangerous,1
#danielpearl's,25
#daniels,2
#danlipinski,4
"#dapchigirls,",2
#daviddennison.,1
#davidhogg,1
#dax,1
#daysicilia,1
#dazi,4
"#dazi,",3
#deathpenalty,1
#debateenantioquia,1
#decoy,1
#deepstate,998
#defendthesecond,8
#defundplannedpare,1
#defundsanctuarycities,1
#dehet,1
#dejavu#fakenewsmedia,1
#dem,2
#demark,1
#democracy<u+201d>,1
#democrat,2
"#democrat,#democrats,#republican,#republicans,#usa,#us,#unitedstates,#unitedstatesofamerica,#america,#trump,",1
#democrat,1
#democratliesmatter,1
#democratprogressives,1
#democrats,1001
#democratshateamerica,2
#dems,3
#deplorable,8
#deplorable,1
#deplorables,17
#deplorablesfortrump,2
#deport,1
#deportthemall,2
#derangedhoodlum!,1
#describe,1
#design,5
#deutschebank,2
#devil,5
#devil,1
#devos,1
#diarionco,1
#dictator,2
#dictatorship,1
#digital,4
#digitalart,14
#disqusting,473
#distraction,1
#diy,1
#djakademiks,1
"#djgribbin,",2
#djstartingfromscratch,1
#dluhopisy.,1
#dnc,1
#do,2
#dodgers,1
#dog,1
#dogs,3
#doha,1
#doing,1
#doj,3
#dolar,1
#dona,2
#donal,2
#donald,4
#donaldjtrump,1
#donaldjtrumpjr,2
#donaldt,5
#donaldtru,2
#donaldtrum,1
#donaldtrump,1102
#donaldtrump!,14
#donaldtrump's,22
#donaldtrump):,2
"#donaldtrump,",91
"#donaldtrump,",1
#donaldtrump-trolling,5
#donaldtrump.,23
#donaldtrump..,1
#donaldtrump...#learnsomething.,2
#donaldtrump....don't,1
#donaldtrump...,4
#donaldtrump.,1
#donaldtrump/,1
#donaldtrump:,7
#donaldtrump#dutarte,1
#donaldtrump,5
#donaldtrumps,8
#donaldtrump,26
#donaldtrump,9
#donaldtrump?,12
#donaldtrump?),1
#donaldtrumpjr,1
#donaldtrumpjr,1
#donate,1
#donjuan,1
#donlemon,1
#donotco,1
#donotcongratulate,2
#donthecon,7
#dontmakekillersfamous,1
#dontpayattentionbidenisstupidandlaughable,1
#dontrumpjr.,1
#donttreadonme,12
#dotard.,1
#dotarddonn,1
#dotarddonnie,1
#dotardhenge,1
#dotardtru,3
#dowd,25
"#dowd,",6
#dowdresigns,1
#dowjones,4
#draftdoger,1
#drai,426
#drainthe,8
#drainthedeep,4
#draintheswamp,66
#drake,2
#dreamers,2
#drh,2
#drilling,1
#drugdealers,1
#dts,6
#dubai,1
#dummy,2
#dumptrump,4
#dumptrump,1
#dup,1
#dupree,1
"#earth,",1
#easter,1
#economy,1
#economy-th,1
#economy-the,1
#economy.,1
#education,4
#eeuu,16
"#eeuu,",11
#eeuu-#mexico,1
#eeuu-#mexico,1
#eggdrp,2
#egypt,4
#eib,1
#ejrcito,1
#ejectedbipartisanproposals,1
#elderabuse,1
#elecciones2018,6
#eleccionescr,2
#election2020,1
#electionnight,3
#elections,1
"#elections,",1
#elections2018,2
#elephants,4
#elezioni,1
#elezioniusa,4
#elisabethhasselbeck,1
#ellendegeneres,1
#elonmusk,1
#elpais,1
#embarrassment,1
#embedded,1
#ember,1
#eminem,1
#emirati,1
#emolumen,3
#emoluments,29
#emolumentsclause,15
#emphasize,3
#empireisfalling,1
#endchainmigration,2
#enddaca,4
#enddaca,6
#endirecto,2
#endsanctuarycities,10
#endthefed,1
#endtheses,1
#endvisalottery,2
#enemyofamerica,8
#enemyoftheconstitution,9
#enemyofthepeople,8
#enemyofthepeople,1
#enemyofthestate,9
#engineers,1
#enough,8
#enoughisenough,4
#ent<u+00e9>rate,1
#epa,3
#equalityforall,1
#erdo<u+011f>an-,1
#erdogan:,1
#ericholder,2
#essays,9
#establishment,1
#estadosunidos,1
"#estadosunidos,",3
#estadosunidos,1
#etalk,1
#etatsunis,1
#eu,28
#eua,1
#euco,5
#euco:,1
#europa,3
#europe,2
#eutrade,1
#evangelicals,1
#evil,6
#exclusive:,9
#excursion,1
#executivedecisions,2
#exhibit,1
#exhibition,3
#explain,1
#extremism,1
#f,1
#facebook,34
"#facebook,",1
#facebook-gr<u+00fc>n,1
#facebook<u+2019>s,1
#facebook,2
#facebookgate,18
#facebookgate.,1
#facesays:,1
#factsfirst,2
#fail,2
#fakenews,54
#fakenews!,2
"#fakenews,",1
#fakenews.,54
#fakenews?,1
#fakenewscnn,1
#fakenewsmedia,1
#fakenewsmedia:,2
#fakep,1
#fakepotus,1
#fakepresident,11
#familie,1
"#familyvalues,",1
"#fareedzakaria,",2
#fastandfurious,2
#fauxnews,1
#fbi,5
#fbi.,1
#fbi.wrong.,1
#fbi,7
#fbn,1
#fbpe,1
#fbr,4
#fcc,2
#fed,2
#fed,1
#federalcourt,2
#federalreserve,2
"#felixsater,",2
#felixsater,2
#female,1
"#feminism,",2
#fgn,1
#fight,2
#fightfightfight,1
#finland.,1
#fireandfury,1
#firstlady,3
#flame,2
#florida,2
#florida.,2
#flynn,1
#fnc,1
#fnn,2
#followthewhiterabbi,2
#fool,1
#forbes,1
#forefront,1
#forex,1
#fortnite,1
#fowl,11
#fox,2
"#fox,",1
#foxandfriends,4
#foxnews,36
"#foxnews,",1
#foxnewspresidency,1
#framed,4
#fraud,2
#fraudnewscnn,3
#freakyfriday,1
#freebiafra,1
#freedomofthepress,3
#freeebook,7
#freeiran,2
#freepalesti,1
#freepalestine,10
#freepalestine,3
#frightening,1
#frontera,1
#ftc,5
#fuck,1
#fuckin,1
#fucktrump,2
#fucku,1
"#fundourmilitary,",2
#fundraising,1
#funniest,2
#funny,1
#funnypictures,1
#fx,1
#gamedev,2
#gamedevs,2
#games,1
#games,1
#gaming,2
#gays,1
#gaza,9
#gaza<u+2013>,4
#gazan,1
#gazans,1
#gazaunderattack,1
#gc2018,1
#geeksresist,5
#generalflynn,4
#genital,1
#genitals,1
#geopolitics,1
#georgenader,2
#georgenader,1
#geschichten,1
#getyourheadoutofyouassyouvebeenconned,3
#gharsenikaltehi,1
#gif,1
#gma,4
#god,1
#godblessamerica,55
#godsarmy,13
#goebbels,1
#gofundme,2
#golanheights,1
#golden,1
"#goldenglobes,",2
#goldilocks,1
"#golftees,",1
#good,1
#google,4
#google/#youtube,2
#googleanalytics,1
#gop,49
#gop,2
#gopidiots,4
#govtswamp,1
#gq,1
#grace,473
#gravitas,1
#great,5
#greatawakening,10
#greek,1
#gretavansusteren,1
#griffin,1
#groped,1
#groping,1
#growapair,11
#grupodelima,2
#gubernatorial,1
#guerra,1
#guitar,1
#gulf,1
#gulfintlforum,1
#guncontrolnow,3
#gunreformnow,2
#gunrights,1
#guns,1
#guter,1
#gutfeld,1
#gwengraham,1
#gym,1
#h1b,1
#h,1
#hacemoscuba@santamambisa,2
#hacemoscuba@santamambisa,1
#hacemoscuba,1
#haha,1
#haiku!,1
#haiku,2
#halamadrid,1
#hall,2
"#hamas,",2
#hannity,2
#happeningnow,3
#happy,2
#happyspring,1
#hard,1
#hate,1
#hatecrime,1
#having,1
#heatsup,1
#heaven,1
#hebron,6
#hechoshn,1
#hello,1
#help,1
#hesaidthat,1
"#hezbolah,",2
#hilarious,3
#hill:,1
#hillary,1
#hillary!,1
#hillary2016,1
#hillaryclinton,18
"#hillaryclinton.""",1
#hillaryclinton,4
#hillaryemails,1
#hillaryforprison,3
#hillaryforprison2016,1
#hillaryforprison2016,2
#hindi,1
#hiphop,1
#history,2
#hitler,1
#hln,2
#hogan,9
#hogg,1
#hoggwash,1
#hoggwash,1
#hollywood,2
#homophobia,1
#honduras,1
#hondureos,1
#hookers,1
#horror,1
#horror,1
#hosers:,2
#houseintel.,2
#houseofrepre,1
#houthi,2
#hrc,1
#hud,1
#humanity,1
#humor,1
#humorkept,4
#humpday,4
#hurty,1
"#hypocrite,",1
#i,1
#icanalwaysuseanother,1
#ice,3
#idie,1
#idiot,6
#ignorance,1
"#ignorance,",1
#iheartawards2018,5
#illegalaliens,1
#illiteracy,1
#image,2
#immigrant.,1
#immigration,2
#impeac,4
#impeach,8
#impeach45,3
#impeach45,2
#impeachmentnow,1
#impeachthetraitor,3
#impeachtrump,16
#impeachtrump,1
#impeachtrumpnow,4
#impersonator,1
#impression,1
#in,1
#india,6
#indialove,1
#indiegame,2
#indiegamedev,2
#indivisible,1
#inequality,1
#inequalitytownhall,2
#inflation,2
"#informationtechnology,",1
#infowars,1
"#infrastructures,",2
#ingooverton,3
#inmigracin:,2
#inmigracin;,1
#insidertrading,2
#insluted,1
#instafun,1
#intellectualproperty,1
#intelligence,1
#interest_,1
#interesting,1
#interiordepartment,1
#internacionales:,2
#international,1
#internationaldayofhappiness,1
#internet,1
#internet,1
#internetbillofrights,3
#intlc,1
#intlcrimcourt,13
#intlrel,2
#investigation,2
#investor,1
#iof,2
#iosgames,1
#iosgames,1
#iowa,6
#ip,1
#iragreenstein,1
#iran,12
#iran'ians,1
"#iran,",3
#iran.,2
#irans,2
#iran,1
"#irandeal,",1
#iranian,2
#iranprotests,1
#iran|ian,2
#irgc,2
#irs,1
#irscorruption,1
#isis,9
"#isis,",2
#islamabad,1
"#islamic,",2
#islamicstate,1
#isps,1
#israel,11
#israel's,2
#israel,1
#israeli,18
#isreal,1
#istandwithgenflynn,4
#istandwithlauraingraham,1
#istandwithlauraingram,4
#itsmuellertime,4
#itsokaytobewhite,1
#itsoktobewhite,1
#ivana,1
#ivanka,2
#ivankatrump,1
"#jacksonville,",2
#jail,1
"#jail,",1
#jail,1
#jaketapper,1
#japan,1
#jaredkushner,2
#jaredkushner:,1
#jarvis,1
#je,3
#jeddah,1
#jeffbezos,1
#jeffsessions,1
"#jennadewan,",1
#jerk,6
#jerkoff,6
#jerusalem,5
"#jerusalem,",1
#jerusalem,1
#jewswillnoteraseus,1
#jheneaiko,1
#jimmykimmel,1
#joebiden,8
"#joebiden,",2
#joebiden...,2
#joebidens,17
#joedigenova,33
#john,5
#johnbolton,2
#johndowd,40
"#johndowd,",10
"#johndowd,",1
#johndowd:,2
#johndowd,2
#johndowdresigns,1
#johndown,1
#johnoliver's,2
#joke,1
#jokes,1
#josephdigenova,1
#joy105com,1
#jpy,1
#justice,1
#justiceformccabe,1
#justicenow,2
#justicerising,13
#justinbieber,1
#justintrudeau,1
#justrising,2
#justsayno,18
#juventudcubana,4
#klliye,1
#k,2
#kabul,2
#kag,55
#kag2018,41
#kag2020,65
#kag,42
#kamalaharris,1
#karachi,1
#karmaisabitch,1
#kathy,1
#katiehopkins,11
#katiehopkins,1
#keepameri,3
#keepamericagreat,163
#keepamericagreat,2
#keepingamericasafe,4
#keepingit100,2
#kelly,1
#kellyanne,1
#kellyanneconway,1
#kids,1
#kiev!,2
#kimkardashian,1
#kingsoffakenews,1
#kkk,4
#klimaziele?,1
#kobach,1
#koch,2
#korku,1
#kosovo,4
#kriskobach,1
#kryptonite,2
#ksa,1
#ksanews,1
#ksika,1
#kukluxklan,4
#kunduzmassacre,1
#kurds,2
#kurupt,1
#kushner,2
"#kushner,",7
#kyiv,1
#l,2
#la,1
"#lackey,",1
#lahore,1
#lalalala,1
#lamministrazione,1
#landdaymassacre,1
#larrykudlow,1
#laughing,1
#laughter,1
#law,2
#law,1
#lawandorder,1
#lawrence:,2
#lawyer,8
#lawyers,2
"#lawyers""",2
"#leaveeu,",1
#leftstream,1
#legal,1
#legendary,3
#letuslive,1
#lgbtq,2
#lia,2
#liar,2
"#liarandthief,",1
#liarinchief,2
#lib,2
#libe,10
#liberal,2
#liberalismisamentaldisorder,4
#liberaljudge,1
#libertyelbow,1
#like,1
#likeaboss,54
#lildicky,1
#lindsaylohan,9
#lipstick,1
#lit,1
#livehighwithlifestyle,2
#livehighwithlifestyle,1
#lmao,1
#lockh,1
#lockhimup,5
#lockthemallup,4
#log,1
#lol,2
#lol.,1
#london,5
#longestwinter,2
#longterm#,1
#longtermcare#dementia,1
#loonie,1
#love,1
#loveachristian,2
#loveamuslim,3
#lovemypresidenttrump,1
#loyalty,989
#lukoil,1
#lying,3
#m,1
#mxico,9
#mexico.,1
#mexico.,1
#mlkiye,1
#m,1
#macron,1
#madame,1
#maddow,12
#madeinchina,1
#mademyday,1
#madlipz,1
"#maduro,",1
#maga,1112
#maga2018,10
#maga2018,1
#maga2020,12
#maga,47
#maga?,1
#magaforall,10
#magatrain,6
#magatrumptrain,8
#maischberger,1
#maischberger.,1
#makeamericagreataga,15
#makeamericagreatagain,57
#makeamericapurpleagain,1
#makeamericasmallagain,2
#makeamericatrumplessagain,1
#makecaliforniagoldenagain,15
#makecaliforniagoldenagain,2
#makeitrain,5
#makingamericasafeagain,5
#man,2
#manafort,1
#manbij,2
#manchild,4
#manchild,4
#mapoli,1
#marble,7
#marble!,1
#marc,1
#march<u+00e9>s,1
#marchforourlives,13
"#margaritazavala,",1
#mariahcarey,1
#markanthonyconditt,19
#markets,1
#markzuckerberg,3
#mars,1
#marshablackburn,1
#marthamcsally,1
#martinlutherking,3
"#martinlutherking,",1
#martinlutherking:,3
#martinlutherkingjr,1
#maryamr,1
#massshootings,1
#mattdamon,1
#maybachmedia,1
#mbs,1
#mbs:,1
#mc,3
#mccabe,1
#mccabes,1
#mccabefiring,1
#mccain,1
#mcconnell,1
"#mcconnell,",1
#mcdougal,1
#media,5
#medias,1
#media,2
#mek,1
#mek,2
#melaina,1
#melania,11
#melaniatrump,4
#melaniatrump.,2
#memphis,1
#mensch,1
#mentalhealth,1
#mercer,2
#mercury,1
#merkel,1
#message,1
#metoo,9
"#metoo,",2
#mexico,15
#mexico's,1
"#mexico,",1
#mexico.,1
#mexico,8
#mexicounitedstatesborder,1
#mexique,2
#mexique,1
#mia,2
#michaelcohen,1
"#michaelcohen,",2
#midterms,292
#midterms2018,2
#migos,1
#mikeflynn,2
#mikeflynnjr,2
#mikepence,1
#milita,1
#military,1088
#militarystrong,2
#minnesota,18
#minorities,1
#miraclewatts,1
#misspiggy,7
#missuniverse,7
#mitchmcconnell,3
#mlb,2
#mlk,4
#mlk50,6
#mlk50.,1
#mlk50:,1
#mlk50,2
#mmc,3
#mn02,3
#mob,1
#mobilegames,2
#mohammedbinsalman,2
#molemanwoman,2
#mondaymotivation,23
#money,1
"#money,",1
#mononeon,1
#monsanto,1
#montreal,1
#morewinningfor2018,3
#morn,1
#morningjoe,5
#moron,6
#morpheusmd,1
#moscowpolicy,1
#mozilla,1
#msm,1
#msm,1
#msnbc,9
#mtv,2
#mueller,57
#mueller's,2
"#mueller,",16
#mueller:,5
#mueller;,1
#mueller??,1
#muellerinvestigation,6
#muelleriscoming,1
#muelleriscoming,1
#muellertime,3
#mullertime,1
#mumbai,1
#murder,1
#muro,1
#music,5
#muslim,2
#must,1
#myanmar,2
#mypillow,12
#mystery,1
#n,3
#na,1
#nablus,1
#nader,4
#nafta,1
#najib's,1
#narcissisticsociopath,1
#nasa,1
#nasdaq,1
#natio,1
#nation,1
#nationa,4
#nationalchampionship,2
#nationalfilmscoreday,2
#nationalgoofoffday,1
#nationalguard,1
#nationalguard,1
#nationalhuganewspe,24
#nationalsecurityrisk,1
#nazi,3
#nazi,1
#nbc,7
#nbc12,1
#nbc,1
#nbcnews2017,1
#nda.,1
#needtoimpeach,2
#nehlen,1
#netanyahu,3
#nevada,1
#never,261
#nevercallme,1
#nevertrump,1
#nevervoterepublican,4
#new,1
#newday,1
#newdelhi,1
#newmusic,2
#news,41
#newsday,1
#newsrw,1
#newy,1
#newyear,1
#newyearseve,2
#newyearsresolution,1
#newyorkmagazine,1
"#newyorkstockexchange,",1
#next!,2
#nfl,1
#nhl,1
#nigelfarage,1
#nigelfarage,1
#nikkihaley,1
#nixon,1
#noamnesty,1
#nobannowall,1
#nocollusion,61
#nod,7
#nodaca,41
#nohaymanera,1
#nomorewars,1
#nomuslimban,1
#nondisclosureagreements,1
#nooneisabovethelaw,1
#northcarolina,3
#northcarolina-landon,3
#northkorea,6
#nosanctuary,1
#nosanctuarycities,2
#noswampthugs,3
#notatradewar),1
#notboughtorpaidfor,1
#nothingbutlies,1
#noticias,2
#noticiascristianas,4
#notiexpress,1
#notmypresident,9
#nowruz,3
#npr,1
#nra,42
#nra.,2
#nrabloodmoney,3
#nrabloodonyourhands,3
#nraboycott,3
#nraisaterroristorganization,3
#nrg,1
#numeracy,1
#nwo,1
#nyse,1
#nyseinstein,1
#nyt,4
#nyt,1
#oann,1
#obama,21
#obama!,1
#obama-era,2
#obama,1
#obamacare,293
#obentertainment,1
#obho,1
#obiden,1
#obstruction,2
"#obummer,",1
"#obummer,",1
#oea,2
#offendedmuch,11
#offshore,1
#ogienifuria,1
#ohio,1
#oil,1
#oklahoma,1
#olympics,1
#omg!,2
#omnibus,33
#omnibus:,1
#omnibusbill,40
#omnibusspendingbill,1
#onobello,1
#onobello,1
#oott,1
#openrafahborder,2
#openskies,3
#operationmockingbird,54
#opieradio,2
#opiodcrisis,1
#oprah,3
#oracle,1
"#orbis,",1
#organization,1
"#osler,",1
#outnumbered,2
#pques,1
#p,3
#pa,3
#painting,2
#paiting,1
#pakistan,1
#pal,2
#palestine,5
#palestinian,11
#palestinians,7
"#palestinians,",1
#parisaccord,7
#parkland,19
"#parkland,",1
#parklands,3
#patrickburke,2
#patriot,6
#patriots,48
#patriots,2
#patriotseffectingchange,9
#patriotsister,4
#patriotsnation,5
#patriotsunite,2
#paulajones,1
#paulmanafort,2
#paulryan,14
#paulryans,15
#paulryans,16
#pdg,2
#peanieto,1
#pelosi,1
#pence,3
"#pennystocks,",1
#pentagon,1
#pentagon?,1
#people,2
#perez,1
#peskov,1
#peterdutton,13
#peters,1
"#petro,",8
#petroyuan,1
#pieceofshit,1
"#pig,",1
#pkk'ya,3
#planet,1
#play4pay,3
#playing,1
#plutocrat,5
#podc,3
#podcast,1
#poltica,2
#poltica:,1
#poland,1
#police,2
#policy,1
#politics,3
#politics,1
#politicstoday,1
#poll,4
#poll:,12
#polls,2
#pompeo's,1
#popularity???,1
#porn,6
#position,1
#positive,2
#post,1
#posted,1
#potus,77
#potus45,3
#potus,4
#poutine,1
#poutine,1
#powell,1
#powell.,1
#power,1
#prabowo,2
#predictive,1
#president,39
#president!,2
#president's,1
#president,3
#presidente,1
#presidentialelections2016,1
#presidentialvisit,1
#presidentobama,1
#presidentoftheunitedstates,3
#presidenttru,1
#presidenttrump,8
#presidenttrump,1
#presse,1
#presupuesto,1
#prime,1
#princejohn,1
#print,18
#prints,4
#prison,1
#privacy?,1
#pro,2
"#professor,",1
#progressives,1
#projection!,2
#propaganda,4
"#propagandamachine,",1
#protectionnisme,1
#protectmuellerinvestigation,3
#prowhite,1
#pruitt,1
#publicenemyno1,9
#publichousing,1
#puebla,3
#puebla,1
#puertorico,2
#puertorico!,1
#pune,1
#punishamuslimday,1
#pussy,2
#put,1
#putin,79
#putin'in,2
#putin's,5
#putin.,1
#putin:,1
#putins,2
#putin,1
#putinpuppet,9
#putinspuppet,1
#putus,1
#pvv,1
#q,12
#qalilia,1
#qanon,72
#qanon8chan,3
#qanonposts,1
#qatar,1
#qla,1
#quertaro!!!,1
#quinnipiac,1
#quisieraquetumedijeras,1
#quitting,1
#quote,8
#quotes,8
#qvc,1
#r<u+00e9>publicains.,2
#rabino,4
#race&amp;r,1
#racism,1
#racisme,1
#racist,2
#racist-ally,23
#racistinchief,1
#racists,1
#radicalized,4
#rain,1
#rajyasabha,1
#rasmussen,10
#ratehike,1
#razzismo,1
#read,2
#read?,1
#realamerican,2
#realdonaldjtrump,1
#realdonaldtrump,5
#realityhasnomeaning,1
#realnews,1
#realtalk,1
#rebeccadallet,1
#recession,1
#records,1
#red,10
#redfriday,2
#redpill,1
#redw,24
#redwav,16
#redwave,22
#redwaverising,149
#redwaverising2018,18
#redwaverising2018,2
#redwaverising20,6
#redwaverisising,7
#refugee,2
#refugees,2
#regimechange,2
#regulations,1
#relationship,1
#releasethehrcvideo,3
#religion,1
#remember,1
#remembereveryonedeployed,2
#rememberourtroops,2
#reminder,1
#removed,1
#reo,1
#rep,2
#republican,3
#republicanparty,1
#republicans,14
#republicans,1
#republicansforhillary,1
#res,6
#resign,3
#resignation,1
#resigned,2
#resigntrump,1
#resis,1
#resisist,3
#resist,47
#resist,2
#resistance,7
#resistanceparty,7
#resistence,5
#resisttrum,1
#resisttrump,5
#responsible,2
#resultat,1
#resurfaces,1
#retard,1
#reuters,3
#revenge,1
#rewarding,1
#rextillerson,2
#richardpainter,18
#richthekid,1
#rico?,1
#rinos,1
#rinos,3
"#rmcnews,",2
#rnc,5
#rnc,1
"#robertmercer,",1
#robertmueller,14
#robertmueller,1
"#robotics,",1
#rocks!,1
#rockyhorror,1
#rodrosenstein,1
#rogerstone,5
#rohingya,1
#ronaldkessler,1
#ronaldo,1
#rope!,3
#roseanne,1
#roseanne's,1
#roseanne300,1
#roseanne,1
#royal,1
#rrfjtg,1
#rt,4
#ruleof,1
#russia,41
#russia's!,3
"#russia,",1
#russia.,2
#russia:,6
#russia,1
#russia??,4
#russiacollusion,2
#russiaelections2018,1
#russiagate,5
"#russiagate,",6
#russiainv,1
#russiainvestigation,1
#russian,4
#russian#mobster,1
#russiancollusion,1
#russians,1
#russianspys,1
#russiaprobe,6
#russiaprobe.dowd,1
#russiaprobe:,1
#russiawillpay,1
#russie,1
#russie.,1
#russie:,2
#russland-aff:,5
#rusya,1
#ryan,1
"#s&amp;p500"",",1
#s,4
"#sacramento,",1
#sad,1
#sadiqkhan,1
#sadiqkhan:,2
#sakki,1
#samnunberg,3
#sanbernard,1
#sanctions,1
#sanctuarycities,1
#sanctuarystate,1
#sandbox,1
#sarahhuckabeesanders,1
#saray,1
#satan,2
#satan,2
#satire,15
#satire!,1
#satire,3
#saturday,1
#saturn,1
#saucier,1
#saudi,4
#saudiarabia,2
#saudiarabia's,2
"#sauds,",1
#savelephants,1
#savetoysrus,1
#saving,1
#sc,3
#sc,1
#scam,1
#scared,2
#scaredkid,7
#scarymoment,1
"#school,",1
#schoolshooting,1
#schoolshootings,1
"#scl,",1
#sclgroup,1
#scotlandsthoughtpolice,1
#scottpruitt,3
#scottpruitt,1
#scowis,3
#scp,3
#sculpture,3
#sdf,3
#sealedindictments,2
#seaofthieves,1
"#sebarketakutan,",2
"#sec,",1
#secondamendment,12
#section301,1
#secureourborders,11
#security,1
#securitycouncil,1
#self-#fulfilment:,1
"#selfies,",1
#sellingoutamerica,2
"#semanasanta,",1
#senanlatkaradeniz,1
#senate,3
#senate,1
#senior,1
#seriously,1
#sessions,15
#sessions,1
#setx,1
#sex,9
#sexist,1
#sexoffenders,1
#sham,1
#sheep,1
#shmatko,2
"#shmatko,",1
#shmatko:,5
#shooting,1
#shot,1
#shower,1
#shutitdown,1
#signpetition,1
#sims,1
#sinclair,10
#sinclair,1
#sinclairbroadcasting,10
#singer,1
#siria,1
#sirija,1
#skripal,1
#slobo66,2
#smartdissent,2
#smartnews,1
#smashbros,1
#sneakpeek,2
#snowday2018,9
#snowden,1
#snowflakedemocrats,3
#soap,3
#socialism,1
#socialist,1
#soja,1
#somuchforinfrastructure,1
#souls,1
#sources,1
#southernbordersecurity,1
#southpark,1
"#soybeans,",6
#sp,1
#space,1
#spanishinquisition,1
#spankymcbonespurs,1
#specialcounsel,5
#specialreport,11
#speculation,1
#spendin,4
#spendingbill,5
#spotify,2
#spotifyipo,1
#spreaker,1
#spring,1
"#spring,",2
#stahl,1
#standandfight,8
#standup,3
#startupsat1,1
#startupstories,1
#statetv,22
#stativa,1
#staywoke,1
#steel,2
"#steeledossier,",1
#steeltariffs,1
#stevebenson,2
#sto,1
#stocarket,2
#stock,1
#stockmarke,1
#stockmarket,2
#stockmarket.,1
#stockmarketc,1
#stockmarkets,1
#stocks,3
#stocks,1
#stone,3
#stop,1
#stophuma,4
#stopth,3
#stormy,8
#stormydaniels,25
#stpetersburg,2
#strafzlle,2
#strafzllen,1
#strategischebelang,2
#strormydaniels,4
#stumperd,1
#stupid,2
#stupid_in_chief,1
"#suckitup,",1
#sudan,2
#summerzervos,1
#summons,1
#sundaythoughts,10
#sundaythoughts,1
#superfan,10
#supportnra,11
#supportour,1
#supportourtroops,1
#suukyi,1
#swamp,1
#swamprebuilding,1
#sweets,1
#syr,5
#syria,49
"#syria,",5
#syria,1
#syrian,3
#syrie,3
#trkiye,1
#t,156
#talkradio,1
#talkright,1
#tangerinenightmare,1
#taoraywang,1
#target,1
#tariff,2
#tariffs,18
"#tariffs,",1
#tariffs.,5
#tax,5
#taxdattrump,5
#taxes,2
#taxlaw,1
#taxpayerfunded,1
#taxscam,1
#tbs,1
#tcot,38
#tcot,1
#tea,1
#teachers,1
#teambreezy,1
#teamdl,3
#teaparty,1
#teddykartzman,1
"#tedolson,",1
#teenvogue,1
#telegram,2
#telltrumptostfu,1
#tensionrealarv,1
#tercertemplo,3
#terrorismomediatico,2
#terrorist,19
#terrorists,1
#texas,1
#thaarjustice,1
#thanksgop,1
#thankyouhillary,1
#the,2
#thecabal,1
#thedonald,3
"#thedonald,",1
#thefive,10
#thegoyimknow,1
#thegreat,2
#thegreatawakening,2
#thegreatawakening,3
#thelastword,1
#thenationnews,1
#theresamay,1
#theresi,3
#theresistance,72
#theresistance,1
#thestorm,4
#thestormhasarrived,6
#thestormhasarrived,2
#thestory,14
#theview,2
#thewall,1
#thewall',1
#think2018,1
#thirdworldwar:,1
#thoughtsandprayers...,1
#thread,1
#threatens,1
#three,2
#thu,2
#thug,1
#thursdaythoughts,62
#thursdaythoughts,1
#ti,1
#ticaret,5
#till,1
#tillerson's,1
"#tillerson,",4
#time,3
#timesup,2
#timstv,1
#tlc,1
"#tlcan,",1
#tlot,1
#tmobile,1
#todayexplained,3
#todolist,1
#topsecret,1
#tories,1
#torontostar,1
#toxic,2
#toysrus,1
#tr,13
#trade,11
#trade:,1
#tradedeficit,1
#tradewar,24
"#tradewar,",1
"#tradewar,",1
#tradewar...,1
#tradewar:,1
#tradewar,1
#tradewars,7
#traitortrump,4
#tramp,1
#treason?,2
#treatment,1
#treygowdy,2
#troops,2
#tru,3
#trudeau,1
#truly,1
#trum,35
#trump,1612
#trump!,8
#trump!where,1
"#trump""!",1
#trump',1
#trump'in,2
#trump's,82
"#trump,",52
#trump-#russia,2
#trump-istan,1
#trump-k,1
#trump.,18
#trump...,7
#trump.....,1
#trump...youre,1
#trump2016,1
#trump2020,225
#trump2020.,1
#trump2020,9
#trump2020landsli,2
#trump2020landslide,2
#trump20,1
#trump:,16
#trumps,24
#trump,14
#trump?,6
#trumpadministration,3
#trumpagenda,1
#trumpamazon,1
#trumpamazonwar,1
#trumpandrussia,2
#trumpandrussia,1
#trumparmy,1
#trumpbecomesunhinged,1
#trumpcampaign,1
#trumpchaos,1
#trumpchaos,1
#trumpcheats,2
#trumpcolluded,7
#trumpcolluded,1
#trumpcorruption,1
#trumpcrimefamily,1
#trumpcrimefamily,1
#trumpday,2
#trumpderangementsyndrome,2
#trumpeffect,3
#trumpeffect,3
#trumpers,1
#trumpfolded,1
#trumpforeignpolicy,1
#trumpgoonsquad,1
#trumpgop,1
#trumphaiku,2
#trumpisamoron,2
#trumpisamoron,3
#trumpisanidiot,1
#trumpismoron,1
#trumpismychoice,3
#trumpisourpresident,2
#trumpjr,2
#trumplandia,2
#trumpliar,1
#trumplie,5
#trumplies,2
#trumpliesmatter,1
#trumpmeetscrownprince,1
#trumpmeme,2
#trumpnation,110
#trumppaper,1
#trumppence16,2
#trumppersonalvendettas,2
#trumpprotest,7
#trumpr,2
#trumprules,5
#trumprules,1
#trumprussia,21
#trumprussiacollusion,2
#trumprussiacoverup,2
#trumprussiainvestigation,4
#trumps,1
#trumpsa,11
#trumpsamerica,2
#trumpsarmy,1145
#trumpsarmy!,8
#trumpsarmy.,2
#trumpsarmy2,116
#trumpsarmy,37
#trumpsateam,3
#trumpscareskids,7
#trumpsex,4
#trumpsexprobe,4
#trumpslump,1
#trumpstrong,19
#trumpstrong#trumpnation,6
#trumpstwitterarmy,3
#trumpstyle,10
#trumpsu,19
#trumpsupertrain,2
#trumpsupporters,6
#trumpt,11
#trumptantrum,2
#trumptax,5
#trumptower,12
#trumptradewar,1
#trumptrai,1
#trumptrain,336
#trumptrain!,2
#trumptrain#trumpstrong,110
#trumptrain2020,12
#trumptrain,10
#trumptreason,4
#trumptweets,1
#trumpusa,3
#trumpville,187
#trumpville#trump2020,6
#trumpville,2
#trumpvote,3
#trumpvszombies,1
#trumpwarriors,1
#trust,1
#trusttheplan,45
#truth,4
#truth!,2
#tsa,3
#tshirt,1
#tucker,16
#tuesdaythoughts,6
#turkey,6
#turkey!,5
#turkeyga,2
#tvvnoticiaspor:,1
#tweet,1
#tweets,3
#twitter,11
"#twitter,",2
#twitterbeef,1
#tx,19
#tyt,1
#tyt,1
#u.s.militarymissionin#syria,2
#u,1
#uae,3
#uae+#ksa,1
#ue,5
#uk,8
#uk,1
#ukip,1
#un,2
#underthecolorofauthority,2
#unfittobepresident,1
#unfittolead,6
#unineuropea.,1
#unite,4
#unite!,2
#uniteandconquer,14
#uniteblue,1
#unitedsates,1
#unitedsta,1
#unitedstates,10
#unitedstates,1
#unitedstatesofamerica,6
#unitedstatesofamerica,5
#unsc,1
#urgente.,1
#us,41
"#us,",1
#us.,1
#us,2
#usa,89
"#usa,",1
#usa.,3
#usa:,2
#usa,3
#usarmy,3
#usarmy,1
#usatoday,1
#uselections,1
#usim5,1
#usmexicanborder,1
#usmilitary,2
#usmilitary's,2
#usnews,1
#uspolitics,2
#uspresident,7
"#uspresident,",1
#uspresident,10
#uspresident,1
#uspresidents,1
#usps,1
#utah,3
#utah-bryon,3
#valisinin,1
#vbedchat,14
#vegas,1
#venjn,2
#venezuela,1
#verbraucher:,1
#verydice,1
#veryvery,2
#veto,33
#vetothe,2
#vetotheomnibus,1
#vetsbeforeillegals,1
#vetsoverillegals,1
#vetsoverrefugees,1
#vh1,1
#vh,1
#viacrucis,2
#viacrucismigr,2
#viacrucismigrante,1
#viacrucismigrante2018,2
#victor,1
#victory,2
#victory.,2
#videogames,5
#vietnam,1
"#vietnamwar,",1
#violence,1
#visegradgroup,1
#visitors,2
#vix,1
#vladimirputin,10
#vladimirputin,5
#vladtv,1
#voau,4
#voaurdu,1
#voice,301
#voiceover,1
#vojskasad,1
#vote,10
#vote,1
#voteblue,1
#votedemout,3
#votekellieward,3
"#voteleave,",1
#voteoutcrookeddems2018,4
#voteoutcrookeddems2020,4
#votered,65
#votered2018,37
#votered,4
#votethemout2018,10
#voting,12
#votingrights,12
#voto,2
#w<u+00fc>rstchen?,1
#wa,2
#wag,1
#waitforit,1
#wakeupamerica,4
#walkitlikeitalkit,1
#wall,2
#wallstreet,4
#wants,1
#wapo,1
"#wapo),",2
#war,1
#warcriminal?,1
#warrenbuffett,1
#wash_dc,1
#washingtonpost,1
#watchingamerica,1
#wbls,1
#we,2
#weak...,3
#weapons,1
#weather,1
#wednesdaymotivation,1
#wednesdaywis,2
#wednesdaywisdom,17
#weeklystandard,1
#welthandel.,1
#wes,5
#west,1
#westbank,5
"#westbank,",1
#westbank,1
#westerncivilization,1
#wethepeople,17
#wethepeople,9
#wethepeople,1
#wh,3
#whatdapodcast,1
#whatdoyouhavetolose,1
#whatsworsethanihateyou,1
#wherewegoonewegoall,2
"#whistleblowing,not",1
#white,19
#whitegenocide,1
#whitehou,1
#whitehouse,31
#whitehouse.,4
#whitehouse...,1
#whitemale.,1
#whoop,1
#wi,3
#wifenumber1...and,1
#wifenumber2,1
#willandgrace,1
#winning,9
#winswisconsin,1
#winteriscoming,1
#wionnews,1
#wipolitics,3
#wisconsin,2
#wisconsincourt,1
#wisconsinsupremecourt,1
#wisdom,1
#with,1
#withjewswelose,1
#witness,3
#woman,2
#women,3
#women!,1
#world,6
#world,2
#worldnews,1
#worldwaterday,1
#worst,1
#worstcasescenarioin4words,2
#worstpresident,5
#worstpresidentever,1
#worstpresidentever,1
#wow,2
#wrestlemania,2
#wrongwomen,1
#wsj,2
#wto,1
#wuss,1
#wwe,2
#xi,1
#xijingping,1
#xijinping,1
#xl8,1
#yacht,1
#yemen,2
#youtube,7
#youtubehq,1
#youtubeshooting,3
#z,1
#zinke,1
#zombiegame,1
#zombiegame,1
"#zuck,",1
#zuckerberg,6
#zuckerburg,1
